"BID.date","close_transformed","close_scaled"
2014-01-24,18.8,0.144522144522145
2014-01-27,18.4,0.135198135198135
2014-02-06,17.6,0.116550116550117
2014-02-07,16.6,0.0932400932400933
2014-02-10,17,0.102564102564103
2014-02-11,16.9,0.1002331002331
2014-02-12,16.8,0.0979020979020979
2014-02-13,16.6,0.0932400932400933
2014-02-14,16.8,0.0979020979020979
2014-02-17,16.7,0.0955710955710956
2014-02-18,16.6,0.0932400932400933
2014-02-19,16.6,0.0932400932400933
2014-02-20,16.9,0.1002331002331
2014-02-21,16.7,0.0955710955710956
2014-02-24,16.7,0.0955710955710956
2014-02-25,16.7,0.0955710955710956
2014-02-26,16.7,0.0955710955710956
2014-02-27,16.9,0.1002331002331
2014-02-28,17,0.102564102564103
2014-03-03,16.7,0.0955710955710956
2014-03-04,16.6,0.0932400932400933
2014-03-05,16.6,0.0932400932400933
2014-03-06,16.6,0.0932400932400933
2014-03-07,16.6,0.0932400932400933
2014-03-10,16.7,0.0955710955710956
2014-03-11,16.6,0.0932400932400933
2014-03-12,16.5,0.0909090909090909
2014-03-13,16.5,0.0909090909090909
2014-03-14,16.6,0.0932400932400933
2014-03-17,16.6,0.0932400932400933
2014-03-18,16.8,0.0979020979020979
2014-03-19,17.4,0.111888111888112
2014-03-20,17.7,0.118881118881119
2014-03-21,17.5,0.114219114219114
2014-03-24,17.6,0.116550116550117
2014-03-25,17.2,0.107226107226107
2014-03-26,16.8,0.0979020979020979
2014-03-27,16.8,0.0979020979020979
2014-03-28,17,0.102564102564103
2014-03-31,16.8,0.0979020979020979
2014-04-01,16.7,0.0955710955710956
2014-04-02,16.7,0.0955710955710956
2014-04-03,16.8,0.0979020979020979
2014-04-04,16.9,0.1002331002331
2014-04-07,16.8,0.0979020979020979
2014-04-08,16.7,0.0955710955710956
2014-04-10,16.7,0.0955710955710956
2014-04-11,16.6,0.0932400932400933
2014-04-14,16.7,0.0955710955710956
2014-04-15,16.5,0.0909090909090909
2014-04-16,16,0.0792540792540793
2014-04-17,16.1,0.0815850815850816
2014-04-18,15.9,0.0769230769230769
2014-04-21,15.5,0.0675990675990676
2014-04-22,15.8,0.0745920745920746
2014-04-23,15.8,0.0745920745920746
2014-04-24,15.9,0.0769230769230769
2014-04-25,15.7,0.0722610722610723
2014-04-28,15.7,0.0722610722610723
2014-04-29,15.8,0.0745920745920746
2014-05-05,15.6,0.0699300699300699
2014-05-06,15.2,0.0606060606060606
2014-05-07,15.5,0.0675990675990676
2014-05-08,14.6,0.0466200466200466
2014-05-09,14.8,0.0512820512820513
2014-05-12,14,0.0326340326340326
2014-05-13,14.1,0.034965034965035
2014-05-14,14.7,0.0489510489510489
2014-05-15,14.2,0.0372960372960373
2014-05-16,14.6,0.0466200466200466
2014-05-19,14.5,0.0442890442890443
2014-05-20,14.7,0.0489510489510489
2014-05-21,14.9,0.0536130536130536
2014-05-22,14.6,0.0466200466200466
2014-05-23,14.7,0.0489510489510489
2014-05-26,14.6,0.0466200466200466
2014-05-27,15,0.055944055944056
2014-05-28,14.9,0.0536130536130536
2014-05-29,14.9,0.0536130536130536
2014-05-30,14.8,0.0512820512820513
2014-06-02,14.6,0.0466200466200466
2014-06-03,14.5,0.0442890442890443
2014-06-04,14.5,0.0442890442890443
2014-06-05,14.5,0.0442890442890443
2014-06-06,14.6,0.0466200466200466
2014-06-09,14.5,0.0442890442890443
2014-06-10,14.7,0.0489510489510489
2014-06-11,14.7,0.0489510489510489
2014-06-12,14.9,0.0536130536130536
2014-06-13,14.9,0.0536130536130536
2014-06-16,14.9,0.0536130536130536
2014-06-17,14.9,0.0536130536130536
2014-06-18,14.9,0.0536130536130536
2014-06-19,14.9,0.0536130536130536
2014-06-20,14.7,0.0489510489510489
2014-06-23,14.9,0.0536130536130536
2014-06-24,15,0.055944055944056
2014-06-25,15,0.055944055944056
2014-06-26,15.1,0.0582750582750583
2014-06-27,15.2,0.0606060606060606
2014-06-30,15.2,0.0606060606060606
2014-07-01,15.1,0.0582750582750583
2014-07-02,15.2,0.0606060606060606
2014-07-03,15.2,0.0606060606060606
2014-07-04,15.2,0.0606060606060606
2014-07-07,15,0.055944055944056
2014-07-08,14.8,0.0512820512820513
2014-07-09,15,0.055944055944056
2014-07-10,14.8,0.0512820512820513
2014-07-11,14.9,0.0536130536130536
2014-07-14,14.8,0.0512820512820513
2014-07-15,14.9,0.0536130536130536
2014-07-16,14.9,0.0536130536130536
2014-07-17,14.9,0.0536130536130536
2014-07-18,15,0.055944055944056
2014-07-21,14.9,0.0536130536130536
2014-07-22,14.8,0.0512820512820513
2014-07-23,14.7,0.0489510489510489
2014-07-24,14.8,0.0512820512820513
2014-07-25,15.3,0.062937062937063
2014-07-28,15.3,0.062937062937063
2014-07-29,15.1,0.0582750582750583
2014-07-30,15.2,0.0606060606060606
2014-07-31,15.2,0.0606060606060606
2014-08-01,15.3,0.062937062937063
2014-08-04,15.7,0.0722610722610723
2014-08-05,15.7,0.0722610722610723
2014-08-06,15.6,0.0699300699300699
2014-08-07,15.6,0.0699300699300699
2014-08-08,14.8,0.0512820512820513
2014-08-11,14.5,0.0442890442890443
2014-08-12,14.4,0.041958041958042
2014-08-13,14.5,0.0442890442890443
2014-08-14,14.3,0.0396270396270397
2014-08-15,14.2,0.0372960372960373
2014-08-18,13.9,0.0303030303030303
2014-08-19,13.9,0.0303030303030303
2014-08-20,14,0.0326340326340326
2014-08-21,14.2,0.0372960372960373
2014-08-22,13.9,0.0303030303030303
2014-08-25,13.9,0.0303030303030303
2014-08-26,14.1,0.034965034965035
2014-08-27,13.9,0.0303030303030303
2014-08-28,14,0.0326340326340326
2014-08-29,14.9,0.0536130536130536
2014-09-03,14.7,0.0489510489510489
2014-09-04,14.5,0.0442890442890443
2014-09-05,14.4,0.041958041958042
2014-09-08,14.2,0.0372960372960373
2014-09-09,14.2,0.0372960372960373
2014-09-10,14.1,0.034965034965035
2014-09-11,14.1,0.034965034965035
2014-09-12,14.1,0.034965034965035
2014-09-15,14,0.0326340326340326
2014-09-16,13.9,0.0303030303030303
2014-09-17,13.9,0.0303030303030303
2014-09-18,13.9,0.0303030303030303
2014-09-19,13.9,0.0303030303030303
2014-09-22,13.8,0.027972027972028
2014-09-23,13.8,0.027972027972028
2014-09-24,13.7,0.0256410256410256
2014-09-25,13.9,0.0303030303030303
2014-09-26,13.8,0.027972027972028
2014-09-29,13.9,0.0303030303030303
2014-09-30,13.8,0.027972027972028
2014-10-01,13.8,0.027972027972028
2014-10-02,13.9,0.0303030303030303
2014-10-03,13.9,0.0303030303030303
2014-10-06,13.9,0.0303030303030303
2014-10-07,13.8,0.027972027972028
2014-10-08,13.7,0.0256410256410256
2014-10-09,13.7,0.0256410256410256
2014-10-10,13.6,0.0233100233100233
2014-10-13,13.5,0.020979020979021
2014-10-14,13.3,0.0163170163170163
2014-10-15,13.3,0.0163170163170163
2014-10-16,13.1,0.0116550116550117
2014-10-17,13.1,0.0116550116550117
2014-10-20,13.2,0.013986013986014
2014-10-21,13.2,0.013986013986014
2014-10-22,13.2,0.013986013986014
2014-10-23,13.1,0.0116550116550117
2014-10-24,13,0.00932400932400933
2014-10-27,12.6,0
2014-10-28,12.7,0.00233100233100232
2014-10-29,12.8,0.00466200466200469
2014-10-30,12.8,0.00466200466200469
2014-10-31,13.5,0.020979020979021
2014-11-03,13.2,0.013986013986014
2014-11-04,13,0.00932400932400933
2014-11-05,12.9,0.00699300699300701
2014-11-06,13.1,0.0116550116550117
2014-11-07,13.1,0.0116550116550117
2014-11-10,13.1,0.0116550116550117
2014-11-11,13,0.00932400932400933
2014-11-12,13,0.00932400932400933
2014-11-13,13.2,0.013986013986014
2014-11-14,13,0.00932400932400933
2014-11-17,13.2,0.013986013986014
2014-11-18,13.1,0.0116550116550117
2014-11-19,13.1,0.0116550116550117
2014-11-20,13,0.00932400932400933
2014-11-21,13,0.00932400932400933
2014-11-24,12.9,0.00699300699300701
2014-11-25,12.9,0.00699300699300701
2014-11-26,12.8,0.00466200466200469
2014-11-27,12.7,0.00233100233100232
2014-11-28,12.7,0.00233100233100232
2014-12-01,12.9,0.00699300699300701
2014-12-02,13.1,0.0116550116550117
2014-12-03,13.1,0.0116550116550117
2014-12-04,13.3,0.0163170163170163
2014-12-05,13.4,0.0186480186480187
2014-12-08,13.2,0.013986013986014
2014-12-09,12.9,0.00699300699300701
2014-12-10,13,0.00932400932400933
2014-12-11,13.1,0.0116550116550117
2014-12-12,13.1,0.0116550116550117
2014-12-15,13.1,0.0116550116550117
2014-12-16,12.9,0.00699300699300701
2014-12-17,12.7,0.00233100233100232
2014-12-18,12.9,0.00699300699300701
2014-12-19,12.9,0.00699300699300701
2014-12-22,13.1,0.0116550116550117
2014-12-23,13.1,0.0116550116550117
2014-12-24,13,0.00932400932400933
2014-12-25,13,0.00932400932400933
2014-12-26,12.8,0.00466200466200469
2014-12-29,12.7,0.00233100233100232
2014-12-30,12.9,0.00699300699300701
2014-12-31,12.7,0.00233100233100232
2015-01-05,12.9,0.00699300699300701
2015-01-06,13.2,0.013986013986014
2015-01-07,13.6,0.0233100233100233
2015-01-08,13.6,0.0233100233100233
2015-01-09,14.5,0.0442890442890443
2015-01-12,15.5,0.0675990675990676
2015-01-13,16.4,0.0885780885780886
2015-01-14,16.3,0.0862470862470863
2015-01-15,16.4,0.0885780885780886
2015-01-16,16.2,0.0839160839160839
2015-01-19,16.4,0.0885780885780886
2015-01-20,16.2,0.0839160839160839
2015-01-21,15.7,0.0722610722610723
2015-01-22,16.7,0.0955710955710956
2015-01-23,17.4,0.111888111888112
2015-01-26,17.4,0.111888111888112
2015-01-27,17.4,0.111888111888112
2015-01-28,18.6,0.13986013986014
2015-01-29,18.2,0.130536130536131
2015-01-30,17.5,0.114219114219114
2015-02-02,17.2,0.107226107226107
2015-02-03,16,0.0792540792540793
2015-02-04,15.7,0.0722610722610723
2015-02-05,16.4,0.0885780885780886
2015-02-06,17.4,0.111888111888112
2015-02-09,17.3,0.10955710955711
2015-02-10,17.9,0.123543123543124
2015-02-11,18.1,0.128205128205128
2015-02-12,17.8,0.121212121212121
2015-02-13,17.8,0.121212121212121
2015-02-24,18.5,0.137529137529138
2015-02-25,18.5,0.137529137529138
2015-02-26,18.9,0.146853146853147
2015-02-27,18.6,0.13986013986014
2015-03-02,18.5,0.137529137529138
2015-03-03,18.6,0.13986013986014
2015-03-04,18.6,0.13986013986014
2015-03-05,18.1,0.128205128205128
2015-03-06,18.5,0.137529137529138
2015-03-09,18.1,0.128205128205128
2015-03-10,18.3,0.132867132867133
2015-03-11,18.3,0.132867132867133
2015-03-12,18.4,0.135198135198135
2015-03-13,18.6,0.13986013986014
2015-03-16,18.3,0.132867132867133
2015-03-17,18.3,0.132867132867133
2015-03-18,18,0.125874125874126
2015-03-19,17.7,0.118881118881119
2015-03-20,17.9,0.123543123543124
2015-03-23,17.3,0.10955710955711
2015-03-24,17.2,0.107226107226107
2015-03-25,17.4,0.111888111888112
2015-03-26,17.8,0.121212121212121
2015-03-27,17.7,0.118881118881119
2015-03-30,17.3,0.10955710955711
2015-03-31,17.6,0.116550116550117
2015-04-01,17.3,0.10955710955711
2015-04-02,17.9,0.123543123543124
2015-04-03,17.8,0.121212121212121
2015-04-06,17.8,0.121212121212121
2015-04-07,18.4,0.135198135198135
2015-04-08,18.5,0.137529137529138
2015-04-09,18.9,0.146853146853147
2015-04-10,19,0.149184149184149
2015-04-13,19,0.149184149184149
2015-04-14,19,0.149184149184149
2015-04-15,19,0.149184149184149
2015-04-16,19.6,0.163170163170163
2015-04-17,19.3,0.156177156177156
2015-04-20,19.1,0.151515151515152
2015-04-21,18.8,0.144522144522145
2015-04-22,18.6,0.13986013986014
2015-04-23,18.6,0.13986013986014
2015-04-24,19,0.149184149184149
2015-04-27,18.8,0.144522144522145
2015-05-04,17.5,0.114219114219114
2015-05-05,18,0.125874125874126
2015-05-06,17.8,0.121212121212121
2015-05-07,18.4,0.135198135198135
2015-05-08,17.9,0.123543123543124
2015-05-11,17.7,0.118881118881119
2015-05-12,17.5,0.114219114219114
2015-05-13,17.3,0.10955710955711
2015-05-14,17.5,0.114219114219114
2015-05-15,17.3,0.10955710955711
2015-05-18,17.1,0.104895104895105
2015-05-19,17.3,0.10955710955711
2015-05-20,17.8,0.121212121212121
2015-05-21,17.8,0.121212121212121
2015-05-22,18.3,0.132867132867133
2015-05-25,18.6,0.13986013986014
2015-05-26,19.2,0.153846153846154
2015-05-27,19.5,0.160839160839161
2015-05-28,20.3,0.17948717948718
2015-05-29,20.2,0.177156177156177
2015-06-01,20.9,0.193473193473193
2015-06-02,20.6,0.186480186480187
2015-06-03,20.6,0.186480186480187
2015-06-04,20.6,0.186480186480187
2015-06-05,21.8,0.214452214452214
2015-06-08,21.8,0.214452214452214
2015-06-09,21.2,0.2004662004662
2015-06-10,21.2,0.2004662004662
2015-06-11,21.4,0.205128205128205
2015-06-12,21.2,0.2004662004662
2015-06-15,22,0.219114219114219
2015-06-16,21.5,0.207459207459207
2015-06-17,21.5,0.207459207459207
2015-06-18,21.3,0.202797202797203
2015-06-19,21.8,0.214452214452214
2015-06-22,22.5,0.230769230769231
2015-06-23,22.7,0.235431235431235
2015-06-24,22.6,0.233100233100233
2015-06-25,22.7,0.235431235431235
2015-06-26,21.5,0.207459207459207
2015-06-29,22.2,0.223776223776224
2015-06-30,22.1,0.221445221445221
2015-07-01,21.9,0.216783216783217
2015-07-02,23.4,0.251748251748252
2015-07-03,24.6,0.27972027972028
2015-07-06,25.3,0.296037296037296
2015-07-07,26.7,0.328671328671329
2015-07-08,25.9,0.31002331002331
2015-07-09,25.3,0.296037296037296
2015-07-10,25.7,0.305361305361305
2015-07-13,25.8,0.307692307692308
2015-07-14,26.4,0.321678321678322
2015-07-15,26,0.312354312354312
2015-07-16,25.8,0.307692307692308
2015-07-17,25.4,0.298368298368298
2015-07-20,25,0.289044289044289
2015-07-21,25,0.289044289044289
2015-07-22,26.4,0.321678321678322
2015-07-23,25.9,0.31002331002331
2015-07-24,25.7,0.305361305361305
2015-07-27,26.3,0.319347319347319
2015-07-28,26,0.312354312354312
2015-07-29,25.8,0.307692307692308
2015-07-30,25.9,0.31002331002331
2015-07-31,25.5,0.300699300699301
2015-08-03,24.9,0.286713286713287
2015-08-04,23.7,0.258741258741259
2015-08-05,24.1,0.268065268065268
2015-08-06,23.4,0.251748251748252
2015-08-07,23.4,0.251748251748252
2015-08-10,23.9,0.263403263403263
2015-08-11,24.5,0.277389277389277
2015-08-12,23.9,0.263403263403263
2015-08-13,23,0.242424242424242
2015-08-14,22.4,0.228438228438228
2015-08-17,21,0.195804195804196
2015-08-18,22,0.219114219114219
2015-08-19,22,0.219114219114219
2015-08-20,21.4,0.205128205128205
2015-08-21,21.2,0.2004662004662
2015-08-24,19.8,0.167832167832168
2015-08-25,20.4,0.181818181818182
2015-08-26,21.8,0.214452214452214
2015-08-27,22.6,0.233100233100233
2015-08-28,23.3,0.249417249417249
2015-08-31,23.2,0.247086247086247
2015-09-01,23.6,0.256410256410256
2015-09-03,23.3,0.249417249417249
2015-09-04,23,0.242424242424242
2015-09-07,23.8,0.261072261072261
2015-09-08,25.4,0.298368298368298
2015-09-09,25.8,0.307692307692308
2015-09-10,25.4,0.298368298368298
2015-09-11,25,0.289044289044289
2015-09-14,26.7,0.328671328671329
2015-09-15,28.5,0.370629370629371
2015-09-16,26.6,0.326340326340326
2015-09-17,24.8,0.284382284382284
2015-09-18,24.5,0.277389277389277
2015-09-21,24.8,0.284382284382284
2015-09-22,24.6,0.27972027972028
2015-09-23,24.2,0.27039627039627
2015-09-24,23.9,0.263403263403263
2015-09-25,24,0.265734265734266
2015-09-28,23.5,0.254079254079254
2015-09-29,23.5,0.254079254079254
2015-09-30,23.7,0.258741258741259
2015-10-01,23.5,0.254079254079254
2015-10-02,23.2,0.247086247086247
2015-10-05,23.6,0.256410256410256
2015-10-06,24.6,0.27972027972028
2015-10-07,24,0.265734265734266
2015-10-08,24.2,0.27039627039627
2015-10-09,24.4,0.275058275058275
2015-10-12,24.5,0.277389277389277
2015-10-13,24.6,0.27972027972028
2015-10-14,24.4,0.275058275058275
2015-10-15,24.4,0.275058275058275
2015-10-16,24.5,0.277389277389277
2015-10-19,24.5,0.277389277389277
2015-10-20,24,0.265734265734266
2015-10-21,24,0.265734265734266
2015-10-22,24.1,0.268065268065268
2015-10-23,24.6,0.27972027972028
2015-10-26,24.3,0.272727272727273
2015-10-27,24.4,0.275058275058275
2015-10-28,24,0.265734265734266
2015-10-29,24.2,0.27039627039627
2015-10-30,24.1,0.268065268065268
2015-11-02,24.1,0.268065268065268
2015-11-03,24,0.265734265734266
2015-11-04,23.7,0.258741258741259
2015-11-05,23.6,0.256410256410256
2015-11-06,23.6,0.256410256410256
2015-11-09,23.7,0.258741258741259
2015-11-10,23.4,0.251748251748252
2015-11-11,23.1,0.244755244755245
2015-11-12,23.3,0.249417249417249
2015-11-13,23.7,0.258741258741259
2015-11-16,23.5,0.254079254079254
2015-11-17,23.4,0.251748251748252
2015-11-18,23.4,0.251748251748252
2015-11-19,23.4,0.251748251748252
2015-11-20,23.5,0.254079254079254
2015-11-23,23.2,0.247086247086247
2015-11-24,22.9,0.24009324009324
2015-11-25,22.6,0.233100233100233
2015-11-26,21.6,0.20979020979021
2015-11-27,21.3,0.202797202797203
2015-11-30,20.4,0.181818181818182
2015-12-01,20.7,0.188811188811189
2015-12-02,21.2,0.2004662004662
2015-12-03,21.3,0.202797202797203
2015-12-04,20.8,0.191142191142191
2015-12-07,20.5,0.184149184149184
2015-12-08,21,0.195804195804196
2015-12-09,20.6,0.186480186480187
2015-12-10,20.3,0.17948717948718
2015-12-11,20.1,0.174825174825175
2015-12-14,20,0.172494172494173
2015-12-15,20,0.172494172494173
2015-12-16,20.6,0.186480186480187
2015-12-17,21.5,0.207459207459207
2015-12-18,21.3,0.202797202797203
2015-12-21,20.7,0.188811188811189
2015-12-22,20.9,0.193473193473193
2015-12-23,20.7,0.188811188811189
2015-12-24,20.5,0.184149184149184
2015-12-25,20.4,0.181818181818182
2015-12-28,20.2,0.177156177156177
2015-12-29,20.7,0.188811188811189
2015-12-30,20.8,0.191142191142191
2015-12-31,20.6,0.186480186480187
2016-01-04,20.2,0.177156177156177
2016-01-05,20.1,0.174825174825175
2016-01-06,20.2,0.177156177156177
2016-01-07,19.3,0.156177156177156
2016-01-08,18.8,0.144522144522145
2016-01-11,19,0.149184149184149
2016-01-12,19.3,0.156177156177156
2016-01-13,19,0.149184149184149
2016-01-14,18.5,0.137529137529138
2016-01-15,17.8,0.121212121212121
2016-01-18,16.6,0.0932400932400933
2016-01-19,17.1,0.104895104895105
2016-01-20,16.9,0.1002331002331
2016-01-21,15.8,0.0745920745920746
2016-01-22,15,0.055944055944056
2016-01-25,16,0.0792540792540793
2016-01-26,16.5,0.0909090909090909
2016-01-27,17.2,0.107226107226107
2016-01-28,16.5,0.0909090909090909
2016-01-29,16.8,0.0979020979020979
2016-02-01,16.3,0.0862470862470863
2016-02-02,16.2,0.0839160839160839
2016-02-03,16.4,0.0885780885780886
2016-02-04,16.2,0.0839160839160839
2016-02-05,16.4,0.0885780885780886
2016-02-15,16.4,0.0885780885780886
2016-02-16,16.3,0.0862470862470863
2016-02-17,16,0.0792540792540793
2016-02-18,16.1,0.0815850815850816
2016-02-19,16.5,0.0909090909090909
2016-02-22,17.2,0.107226107226107
2016-02-23,17,0.102564102564103
2016-02-24,18.1,0.128205128205128
2016-02-25,18.3,0.132867132867133
2016-02-26,18.4,0.135198135198135
2016-02-29,17.7,0.118881118881119
2016-03-01,17.7,0.118881118881119
2016-03-02,18.3,0.132867132867133
2016-03-03,18.2,0.130536130536131
2016-03-04,18.1,0.128205128205128
2016-03-07,17.9,0.123543123543124
2016-03-08,17.8,0.121212121212121
2016-03-09,17.4,0.111888111888112
2016-03-10,17.7,0.118881118881119
2016-03-11,17.7,0.118881118881119
2016-03-14,17.7,0.118881118881119
2016-03-15,17.5,0.114219114219114
2016-03-16,17.7,0.118881118881119
2016-03-17,17.7,0.118881118881119
2016-03-18,17.6,0.116550116550117
2016-03-21,17.6,0.116550116550117
2016-03-22,17.3,0.10955710955711
2016-03-23,17.6,0.116550116550117
2016-03-24,17.2,0.107226107226107
2016-03-25,17.3,0.10955710955711
2016-03-28,17.2,0.107226107226107
2016-03-29,16.9,0.1002331002331
2016-03-30,16.9,0.1002331002331
2016-03-31,16.7,0.0955710955710956
2016-04-01,16.6,0.0932400932400933
2016-04-04,16.5,0.0909090909090909
2016-04-05,16.6,0.0932400932400933
2016-04-06,16.9,0.1002331002331
2016-04-07,16.9,0.1002331002331
2016-04-08,16.8,0.0979020979020979
2016-04-11,16.7,0.0955710955710956
2016-04-12,16.2,0.0839160839160839
2016-04-13,15.8,0.0745920745920746
2016-04-14,15.9,0.0769230769230769
2016-04-15,16,0.0792540792540793
2016-04-19,15.6,0.0699300699300699
2016-04-20,15.7,0.0722610722610723
2016-04-21,15.9,0.0769230769230769
2016-04-22,17,0.102564102564103
2016-04-25,17.5,0.114219114219114
2016-04-26,17.3,0.10955710955711
2016-04-27,17,0.102564102564103
2016-04-28,16.5,0.0909090909090909
2016-04-29,17.5,0.114219114219114
2016-05-04,17.3,0.10955710955711
2016-05-05,17.7,0.118881118881119
2016-05-06,18.1,0.128205128205128
2016-05-09,17.8,0.121212121212121
2016-05-10,18.3,0.132867132867133
2016-05-11,18.6,0.13986013986014
2016-05-12,18.7,0.142191142191142
2016-05-13,18.7,0.142191142191142
2016-05-16,18.6,0.13986013986014
2016-05-17,19,0.149184149184149
2016-05-18,19,0.149184149184149
2016-05-19,18.6,0.13986013986014
2016-05-20,18.3,0.132867132867133
2016-05-23,17.9,0.123543123543124
2016-05-24,17.9,0.123543123543124
2016-05-25,17.9,0.123543123543124
2016-05-26,17.5,0.114219114219114
2016-05-27,17.8,0.121212121212121
2016-05-30,18.1,0.128205128205128
2016-05-31,18.2,0.130536130536131
2016-06-01,18.3,0.132867132867133
2016-06-02,18.5,0.137529137529138
2016-06-03,18.3,0.132867132867133
2016-06-06,18.2,0.130536130536131
2016-06-07,18.1,0.128205128205128
2016-06-08,18.3,0.132867132867133
2016-06-09,18.8,0.144522144522145
2016-06-10,18.6,0.13986013986014
2016-06-13,18.3,0.132867132867133
2016-06-14,18.1,0.128205128205128
2016-06-15,18.1,0.128205128205128
2016-06-16,18,0.125874125874126
2016-06-17,18,0.125874125874126
2016-06-20,18,0.125874125874126
2016-06-21,18,0.125874125874126
2016-06-22,17.9,0.123543123543124
2016-06-23,18,0.125874125874126
2016-06-24,17.7,0.118881118881119
2016-06-27,17.5,0.114219114219114
2016-06-28,17.5,0.114219114219114
2016-06-29,17.6,0.116550116550117
2016-06-30,17.5,0.114219114219114
2016-07-01,17.4,0.111888111888112
2016-07-04,17.5,0.114219114219114
2016-07-05,18,0.125874125874126
2016-07-06,17.9,0.123543123543124
2016-07-07,17.9,0.123543123543124
2016-07-08,17.8,0.121212121212121
2016-07-11,17.8,0.121212121212121
2016-07-12,17.8,0.121212121212121
2016-07-13,18.5,0.137529137529138
2016-07-14,18.6,0.13986013986014
2016-07-15,18.5,0.137529137529138
2016-07-18,18.6,0.13986013986014
2016-07-19,18,0.125874125874126
2016-07-20,17.7,0.118881118881119
2016-07-21,17.7,0.118881118881119
2016-07-22,17.7,0.118881118881119
2016-07-25,17.6,0.116550116550117
2016-07-26,17.5,0.114219114219114
2016-07-27,17.7,0.118881118881119
2016-07-28,17.6,0.116550116550117
2016-07-29,17.6,0.116550116550117
2016-08-01,17.6,0.116550116550117
2016-08-02,17.1,0.104895104895105
2016-08-03,17.1,0.104895104895105
2016-08-04,16.9,0.1002331002331
2016-08-05,16.7,0.0955710955710956
2016-08-08,16.6,0.0932400932400933
2016-08-09,16.5,0.0909090909090909
2016-08-10,16.9,0.1002331002331
2016-08-11,17.3,0.10955710955711
2016-08-12,17.1,0.104895104895105
2016-08-15,17.1,0.104895104895105
2016-08-16,16.9,0.1002331002331
2016-08-17,16.9,0.1002331002331
2016-08-18,16.7,0.0955710955710956
2016-08-19,16.6,0.0932400932400933
2016-08-22,16.5,0.0909090909090909
2016-08-23,16.5,0.0909090909090909
2016-08-24,16.3,0.0862470862470863
2016-08-25,16.3,0.0862470862470863
2016-08-26,16.4,0.0885780885780886
2016-08-29,16.5,0.0909090909090909
2016-08-30,16.5,0.0909090909090909
2016-08-31,16.4,0.0885780885780886
2016-09-01,16.4,0.0885780885780886
2016-09-05,16.4,0.0885780885780886
2016-09-06,16.1,0.0815850815850816
2016-09-07,16.1,0.0815850815850816
2016-09-08,16.3,0.0862470862470863
2016-09-09,16.3,0.0862470862470863
2016-09-12,16.3,0.0862470862470863
2016-09-13,16.2,0.0839160839160839
2016-09-14,15.9,0.0769230769230769
2016-09-15,15.9,0.0769230769230769
2016-09-16,15.85,0.0757575757575758
2016-09-19,15.8,0.0745920745920746
2016-09-20,16,0.0792540792540793
2016-09-21,16.1,0.0815850815850816
2016-09-22,16.05,0.0804195804195804
2016-09-23,16.05,0.0804195804195804
2016-09-26,15.95,0.0780885780885781
2016-09-27,16.8,0.0979020979020979
2016-09-28,17.35,0.110722610722611
2016-09-29,17,0.102564102564103
2016-09-30,17,0.102564102564103
2016-10-03,17,0.102564102564103
2016-10-04,17.1,0.104895104895105
2016-10-05,17.3,0.10955710955711
2016-10-06,17.3,0.10955710955711
2016-10-07,17,0.102564102564103
2016-10-10,16.75,0.0967365967365967
2016-10-11,16.8,0.0979020979020979
2016-10-12,16.8,0.0979020979020979
2016-10-13,16.8,0.0979020979020979
2016-10-14,17,0.102564102564103
2016-10-17,17.1,0.104895104895105
2016-10-18,17,0.102564102564103
2016-10-19,17.7,0.118881118881119
2016-10-20,17.6,0.116550116550117
2016-10-21,17.6,0.116550116550117
2016-10-24,17.65,0.117715617715618
2016-10-25,17.45,0.113053613053613
2016-10-26,17.25,0.108391608391608
2016-10-27,16.7,0.0955710955710956
2016-10-28,17.1,0.104895104895105
2016-10-31,16.7,0.0955710955710956
2016-11-01,17,0.102564102564103
2016-11-02,16.85,0.0990675990675991
2016-11-03,16.1,0.0815850815850816
2016-11-04,16.2,0.0839160839160839
2016-11-07,15.8,0.0745920745920746
2016-11-08,15.75,0.0734265734265734
2016-11-09,15.8,0.0745920745920746
2016-11-10,15.8,0.0745920745920746
2016-11-11,15.7,0.0722610722610723
2016-11-14,15.35,0.0641025641025641
2016-11-15,15.35,0.0641025641025641
2016-11-16,15.45,0.0664335664335664
2016-11-17,15.3,0.062937062937063
2016-11-18,15.3,0.062937062937063
2016-11-21,15.5,0.0675990675990676
2016-11-22,16.1,0.0815850815850816
2016-11-23,16.1,0.0815850815850816
2016-11-24,16,0.0792540792540793
2016-11-25,15.9,0.0769230769230769
2016-11-28,15.7,0.0722610722610723
2016-11-29,15.2,0.0606060606060606
2016-11-30,15.3,0.062937062937063
2016-12-01,15.4,0.0652680652680653
2016-12-02,15.3,0.062937062937063
2016-12-05,15.2,0.0606060606060606
2016-12-06,14.75,0.0501165501165501
2016-12-07,14.75,0.0501165501165501
2016-12-08,14.8,0.0512820512820513
2016-12-09,14.75,0.0501165501165501
2016-12-12,14.6,0.0466200466200466
2016-12-13,14.3,0.0396270396270397
2016-12-14,15.2,0.0606060606060606
2016-12-15,15,0.055944055944056
2016-12-16,14.65,0.0477855477855478
2016-12-19,14.75,0.0501165501165501
2016-12-20,14.75,0.0501165501165501
2016-12-21,14.9,0.0536130536130536
2016-12-22,14.6,0.0466200466200466
2016-12-23,14.6,0.0466200466200466
2016-12-26,14.6,0.0466200466200466
2016-12-27,14.5,0.0442890442890443
2016-12-28,14.45,0.0431235431235431
2016-12-29,14.3,0.0396270396270397
2016-12-30,14.2,0.0372960372960373
2017-01-03,15.15,0.0594405594405595
2017-01-04,15.45,0.0664335664335664
2017-01-05,15.4,0.0652680652680653
2017-01-06,15.75,0.0734265734265734
2017-01-09,16.2,0.0839160839160839
2017-01-10,16.1,0.0815850815850816
2017-01-11,16.6,0.0932400932400933
2017-01-12,16.5,0.0909090909090909
2017-01-13,16.25,0.0850815850815851
2017-01-16,15.8,0.0745920745920746
2017-01-17,16.8,0.0979020979020979
2017-01-18,16.45,0.0897435897435897
2017-01-19,16.45,0.0897435897435897
2017-01-20,16.65,0.0944055944055944
2017-01-23,16.85,0.0990675990675991
2017-01-24,17,0.102564102564103
2017-01-25,16.9,0.1002331002331
2017-02-02,17.2,0.107226107226107
2017-02-03,17.2,0.107226107226107
2017-02-06,17.2,0.107226107226107
2017-02-07,17.1,0.104895104895105
2017-02-08,17,0.102564102564103
2017-02-09,16.85,0.0990675990675991
2017-02-10,17.1,0.104895104895105
2017-02-13,16.85,0.0990675990675991
2017-02-14,17,0.102564102564103
2017-02-15,17.35,0.110722610722611
2017-02-16,17,0.102564102564103
2017-02-17,16.9,0.1002331002331
2017-02-20,16.6,0.0932400932400933
2017-02-21,16.7,0.0955710955710956
2017-02-22,16.6,0.0932400932400933
2017-02-23,16.65,0.0944055944055944
2017-02-24,16.65,0.0944055944055944
2017-02-27,16.7,0.0955710955710956
2017-02-28,16.45,0.0897435897435897
2017-03-01,16.3,0.0862470862470863
2017-03-02,16.05,0.0804195804195804
2017-03-03,16.4,0.0885780885780886
2017-03-06,16.6,0.0932400932400933
2017-03-07,16.5,0.0909090909090909
2017-03-08,16.6,0.0932400932400933
2017-03-09,16.8,0.0979020979020979
2017-03-10,16.55,0.0920745920745921
2017-03-13,16.5,0.0909090909090909
2017-03-14,16.4,0.0885780885780886
2017-03-15,16.45,0.0897435897435897
2017-03-16,16.35,0.0874125874125875
2017-03-17,16.7,0.0955710955710956
2017-03-20,16.75,0.0967365967365967
2017-03-21,17.4,0.111888111888112
2017-03-22,17.4,0.111888111888112
2017-03-23,17.45,0.113053613053613
2017-03-24,17.9,0.123543123543124
2017-03-27,17.75,0.12004662004662
2017-03-28,17.4,0.111888111888112
2017-03-29,17.4,0.111888111888112
2017-03-30,17.75,0.12004662004662
2017-03-31,17.55,0.115384615384615
2017-04-03,17.15,0.106060606060606
2017-04-04,17.2,0.107226107226107
2017-04-05,17.15,0.106060606060606
2017-04-07,17.1,0.104895104895105
2017-04-10,17,0.102564102564103
2017-04-11,17,0.102564102564103
2017-04-12,17,0.102564102564103
2017-04-13,16.9,0.1002331002331
2017-04-14,17.05,0.103729603729604
2017-04-17,16.4,0.0885780885780886
2017-04-18,16.5,0.0909090909090909
2017-04-19,16.3,0.0862470862470863
2017-04-20,16.6,0.0932400932400933
2017-04-21,16.55,0.0920745920745921
2017-04-24,16.35,0.0874125874125875
2017-04-25,16.35,0.0874125874125875
2017-04-26,16.5,0.0909090909090909
2017-04-27,16.6,0.0932400932400933
2017-04-28,16.6,0.0932400932400933
2017-05-03,16.6,0.0932400932400933
2017-05-04,16.8,0.0979020979020979
2017-05-05,16.55,0.0920745920745921
2017-05-08,16.5,0.0909090909090909
2017-05-09,16.6,0.0932400932400933
2017-05-10,17.1,0.104895104895105
2017-05-11,17,0.102564102564103
2017-05-12,16.95,0.101398601398601
2017-05-15,16.9,0.1002331002331
2017-05-16,16.9,0.1002331002331
2017-05-17,16.7,0.0955710955710956
2017-05-18,16.8,0.0979020979020979
2017-05-19,17.2,0.107226107226107
2017-05-22,18.4,0.135198135198135
2017-05-23,18.55,0.138694638694639
2017-05-24,19.25,0.155011655011655
2017-05-25,19.1,0.151515151515152
2017-05-26,19.5,0.160839160839161
2017-05-29,19,0.149184149184149
2017-05-30,18.35,0.134032634032634
2017-05-31,18.45,0.136363636363636
2017-06-01,18.3,0.132867132867133
2017-06-02,18.25,0.131701631701632
2017-06-05,18.7,0.142191142191142
2017-06-06,19.4,0.158508158508158
2017-06-07,19.4,0.158508158508158
2017-06-08,19.1,0.151515151515152
2017-06-09,18.85,0.145687645687646
2017-06-12,18.95,0.148018648018648
2017-06-13,19.5,0.160839160839161
2017-06-14,20,0.172494172494173
2017-06-15,19.8,0.167832167832168
2017-06-16,19.75,0.166666666666667
2017-06-19,20,0.172494172494173
2017-06-20,20.55,0.185314685314685
2017-06-21,20.3,0.17948717948718
2017-06-22,19.85,0.168997668997669
2017-06-23,19.9,0.17016317016317
2017-06-26,20.2,0.177156177156177
2017-06-27,19.9,0.17016317016317
2017-06-28,19.95,0.171328671328671
2017-06-29,20.3,0.17948717948718
2017-06-30,20.4,0.181818181818182
2017-07-03,20.7,0.188811188811189
2017-07-04,20.3,0.17948717948718
2017-07-05,20.4,0.181818181818182
2017-07-06,20.3,0.17948717948718
2017-07-07,20.2,0.177156177156177
2017-07-10,19.7,0.165501165501166
2017-07-11,19.7,0.165501165501166
2017-07-12,19.3,0.156177156177156
2017-07-13,19.55,0.162004662004662
2017-07-14,19.3,0.156177156177156
2017-07-17,18.9,0.146853146853147
2017-07-18,18.95,0.148018648018648
2017-07-19,19.05,0.15034965034965
2017-07-20,19.6,0.163170163170163
2017-07-21,19.25,0.155011655011655
2017-07-24,19.4,0.158508158508158
2017-07-25,20.5,0.184149184149184
2017-07-26,20.6,0.186480186480187
2017-07-27,20.7,0.188811188811189
2017-07-28,21,0.195804195804196
2017-07-31,22.2,0.223776223776224
2017-08-01,22.2,0.223776223776224
2017-08-02,22.45,0.22960372960373
2017-08-03,22.9,0.24009324009324
2017-08-04,22.4,0.228438228438228
2017-08-07,22.5,0.230769230769231
2017-08-08,22.6,0.233100233100233
2017-08-09,20.4,0.181818181818182
2017-08-10,20.3,0.17948717948718
2017-08-11,20.3,0.17948717948718
2017-08-14,20.8,0.191142191142191
2017-08-15,20.3,0.17948717948718
2017-08-16,20,0.172494172494173
2017-08-17,19.2,0.153846153846154
2017-08-18,19.75,0.166666666666667
2017-08-21,19.65,0.164335664335664
2017-08-22,19.15,0.152680652680653
2017-08-23,19.4,0.158508158508158
2017-08-24,19.8,0.167832167832168
2017-08-25,19.75,0.166666666666667
2017-08-28,19.65,0.164335664335664
2017-08-29,19.65,0.164335664335664
2017-08-30,19.35,0.157342657342657
2017-08-31,20.7,0.188811188811189
2017-09-01,21.05,0.196969696969697
2017-09-05,20.95,0.194638694638695
2017-09-06,20.6,0.186480186480187
2017-09-07,20.85,0.192307692307692
2017-09-08,20.35,0.180652680652681
2017-09-11,20.2,0.177156177156177
2017-09-12,20.5,0.184149184149184
2017-09-13,20.5,0.184149184149184
2017-09-14,20.65,0.187645687645688
2017-09-15,20.4,0.181818181818182
2017-09-18,20.5,0.184149184149184
2017-09-19,20.65,0.187645687645688
2017-09-20,20.5,0.184149184149184
2017-09-21,20.85,0.192307692307692
2017-09-22,20.6,0.186480186480187
2017-09-25,20.4,0.181818181818182
2017-09-26,20.4,0.181818181818182
2017-09-27,20.2,0.177156177156177
2017-09-28,19.65,0.164335664335664
2017-09-29,19.6,0.163170163170163
2017-10-02,19.7,0.165501165501166
2017-10-03,19.85,0.168997668997669
2017-10-04,20.05,0.173659673659674
2017-10-05,19.9,0.17016317016317
2017-10-06,19.95,0.171328671328671
2017-10-09,20,0.172494172494173
2017-10-10,20,0.172494172494173
2017-10-11,20.3,0.17948717948718
2017-10-12,20.15,0.175990675990676
2017-10-13,20.2,0.177156177156177
2017-10-16,20.35,0.180652680652681
2017-10-17,21.5,0.207459207459207
2017-10-18,21.4,0.205128205128205
2017-10-19,21.25,0.201631701631702
2017-10-20,21.4,0.205128205128205
2017-10-23,20.9,0.193473193473193
2017-10-24,20.75,0.18997668997669
2017-10-25,21,0.195804195804196
2017-10-26,20.7,0.188811188811189
2017-10-27,21.2,0.2004662004662
2017-10-30,21.85,0.215617715617716
2017-10-31,21.85,0.215617715617716
2017-11-01,22.4,0.228438228438228
2017-11-02,21.9,0.216783216783217
2017-11-03,22.4,0.228438228438228
2017-11-06,22.85,0.238927738927739
2017-11-07,22.85,0.238927738927739
2017-11-08,23.8,0.261072261072261
2017-11-09,23.5,0.254079254079254
2017-11-10,23.6,0.256410256410256
2017-11-13,23.95,0.264568764568765
2017-11-14,24.3,0.272727272727273
2017-11-15,24.2,0.27039627039627
2017-11-16,24.15,0.269230769230769
2017-11-17,24.05,0.266899766899767
2017-11-20,24,0.265734265734266
2017-11-21,24.05,0.266899766899767
2017-11-22,25.7,0.305361305361305
2017-11-23,25.3,0.296037296037296
2017-11-24,25.3,0.296037296037296
2017-11-27,25.2,0.293706293706294
2017-11-28,25,0.289044289044289
2017-11-29,25.6,0.303030303030303
2017-11-30,25.65,0.304195804195804
2017-12-01,25.5,0.300699300699301
2017-12-04,25.5,0.300699300699301
2017-12-05,24.9,0.286713286713287
2017-12-06,24.85,0.285547785547786
2017-12-07,25,0.289044289044289
2017-12-08,25,0.289044289044289
2017-12-11,24,0.265734265734266
2017-12-12,24.1,0.268065268065268
2017-12-13,23.9,0.263403263403263
2017-12-14,24.45,0.276223776223776
2017-12-15,24.3,0.272727272727273
2017-12-18,24.35,0.273892773892774
2017-12-19,24.1,0.268065268065268
2017-12-20,24.5,0.277389277389277
2017-12-21,24.2,0.27039627039627
2017-12-22,23.85,0.262237762237762
2017-12-25,23.8,0.261072261072261
2017-12-26,24.1,0.268065268065268
2017-12-27,24.4,0.275058275058275
2017-12-28,24.75,0.283216783216783
2017-12-29,25.5,0.300699300699301
2018-01-02,27,0.335664335664336
2018-01-03,26.8,0.331002331002331
2018-01-04,27.55,0.348484848484849
2018-01-05,27.4,0.344988344988345
2018-01-08,27.85,0.355477855477856
2018-01-09,27.4,0.344988344988345
2018-01-10,27.45,0.346153846153846
2018-01-11,27.6,0.34965034965035
2018-01-12,27.25,0.341491841491842
2018-01-15,27.3,0.342657342657343
2018-01-16,27.7,0.351981351981352
2018-01-17,27,0.335664335664336
2018-01-18,27.1,0.337995337995338
2018-01-19,26.9,0.333333333333333
2018-01-22,28.45,0.369463869463869
2018-01-25,30.4,0.414918414918415
2018-01-26,32.5,0.463869463869464
2018-01-29,34.6,0.512820512820513
2018-01-30,36,0.545454545454545
2018-01-31,34.2,0.503496503496504
2018-02-01,33.7,0.491841491841492
2018-02-02,33.7,0.491841491841492
2018-02-05,31.35,0.437062937062937
2018-02-06,29.2,0.386946386946387
2018-02-07,31.2,0.433566433566434
2018-02-08,32.2,0.456876456876457
2018-02-09,32.3,0.459207459207459
2018-02-12,34.55,0.511655011655012
2018-02-13,35.4,0.531468531468531
2018-02-21,37.4,0.578088578088578
2018-02-22,36.8,0.564102564102564
2018-02-23,37.1,0.571095571095571
2018-02-26,38.1,0.594405594405594
2018-02-27,38.15,0.595571095571096
2018-02-28,39,0.615384615384615
2018-03-01,37.8,0.587412587412587
2018-03-02,37.8,0.587412587412587
2018-03-05,35.2,0.526806526806527
2018-03-06,37.65,0.583916083916084
2018-03-07,37.5,0.58041958041958
2018-03-08,37.2,0.573426573426573
2018-03-09,37.25,0.574592074592075
2018-03-12,38.6,0.606060606060606
2018-03-13,39.2,0.62004662004662
2018-03-14,39,0.615384615384615
2018-03-15,41.7,0.678321678321678
2018-03-16,42.8,0.703962703962704
2018-03-19,41.7,0.678321678321678
2018-03-20,42.5,0.696969696969697
2018-03-21,43.5,0.72027972027972
2018-03-22,44.3,0.738927738927739
2018-03-23,42.35,0.693473193473193
2018-03-26,44.9,0.752913752913753
2018-03-27,44.1,0.734265734265734
2018-03-28,44.55,0.744755244755245
2018-03-29,44,0.731934731934732
2018-03-30,43.4,0.717948717948718
2018-04-02,45,0.755244755244755
2018-04-03,45.1,0.757575757575758
2018-04-04,44.8,0.75058275058275
2018-04-05,44,0.731934731934732
2018-04-06,44,0.731934731934732
2018-04-09,44.4,0.741258741258741
2018-04-10,45.5,0.766899766899767
2018-04-11,44.5,0.743589743589744
2018-04-12,44.4,0.741258741258741
2018-04-13,42,0.685314685314685
2018-04-16,40,0.638694638694639
2018-04-17,41.9,0.682983682983683
2018-04-18,40.2,0.643356643356643
2018-04-19,38,0.592074592074592
2018-04-20,39.45,0.625874125874126
2018-04-23,36.7,0.561771561771562
2018-04-24,38,0.592074592074592
2018-04-26,36.5,0.557109557109557
2018-04-27,36.1,0.547785547785548
2018-05-02,33.6,0.48951048951049
2018-05-03,33.7,0.491841491841492
2018-05-04,32.5,0.463869463869464
2018-05-07,34.75,0.516317016317016
2018-05-08,35.5,0.533799533799534
2018-05-09,35,0.522144522144522
2018-05-10,32.7,0.468531468531469
2018-05-11,34,0.498834498834499
2018-05-14,34.3,0.505827505827506
2018-05-15,34.6,0.512820512820513
2018-05-16,33.2,0.48018648018648
2018-05-17,33,0.475524475524476
2018-05-18,32.95,0.474358974358974
2018-05-21,31.5,0.440559440559441
2018-05-22,29.3,0.389277389277389
2018-05-23,30.45,0.416083916083916
2018-05-24,29.65,0.397435897435897
2018-05-25,27.7,0.351981351981352
2018-05-28,25.8,0.307692307692308
2018-05-29,27.6,0.34965034965035
2018-05-30,27.6,0.34965034965035
2018-05-31,29.25,0.388111888111888
2018-06-01,29.7,0.398601398601399
2018-06-04,30.5,0.417249417249417
2018-06-05,30.4,0.414918414918415
2018-06-06,31.8,0.447552447552448
2018-06-07,31.2,0.433566433566434
2018-06-08,31.5,0.440559440559441
2018-06-11,31,0.428904428904429
2018-06-12,29.6,0.396270396270396
2018-06-13,29.65,0.397435897435897
2018-06-14,28.3,0.365967365967366
2018-06-15,29,0.382284382284382
2018-06-18,27.3,0.342657342657343
2018-06-19,26.8,0.331002331002331
2018-06-20,28,0.358974358974359
2018-06-21,26.8,0.331002331002331
2018-06-22,27.5,0.347319347319347
2018-06-25,28.2,0.363636363636364
2018-06-26,27.8,0.354312354312354
2018-06-27,26.8,0.331002331002331
2018-06-28,25.9,0.31002331002331
2018-06-29,26,0.312354312354312
2018-07-02,24.75,0.283216783216783
2018-07-03,23.05,0.243589743589744
2018-07-04,22.9,0.24009324009324
2018-07-05,21.6,0.20979020979021
2018-07-06,23.1,0.244755244755245
2018-07-09,23.3,0.249417249417249
2018-07-10,23.65,0.257575757575758
2018-07-11,22.1,0.221445221445221
2018-07-12,23,0.242424242424242
2018-07-13,23.5,0.254079254079254
2018-07-16,24.15,0.269230769230769
2018-07-17,24.9,0.286713286713287
2018-07-18,26.15,0.315850815850816
2018-07-19,25.8,0.307692307692308
2018-07-20,25.4,0.298368298368298
2018-07-23,24.8,0.284382284382284
2018-07-24,24.8,0.284382284382284
2018-07-25,23.6,0.256410256410256
2018-07-26,24.1,0.268065268065268
2018-07-27,24.8,0.284382284382284
2018-07-30,26.3,0.319347319347319
2018-07-31,26.3,0.319347319347319
2018-08-01,26.3,0.319347319347319
2018-08-02,26.2,0.317016317016317
2018-08-03,26.55,0.325174825174825
2018-08-06,26.85,0.332167832167832
2018-08-07,27.45,0.346153846153846
2018-08-08,29.2,0.386946386946387
2018-08-09,28.85,0.378787878787879
2018-08-10,29.9,0.403263403263403
2018-08-13,30.5,0.417249417249417
2018-08-14,30,0.405594405594406
2018-08-15,29.3,0.389277389277389
2018-08-16,30,0.405594405594406
2018-08-17,31.1,0.431235431235431
2018-08-20,31.4,0.438228438228438
2018-08-21,33,0.475524475524476
2018-08-22,32.5,0.463869463869464
2018-08-23,33.05,0.476689976689977
2018-08-24,33.4,0.484848484848485
2018-08-27,34,0.498834498834499
2018-08-28,33.7,0.491841491841492
2018-08-29,33.65,0.490675990675991
2018-08-30,34.9,0.51981351981352
2018-08-31,34.4,0.508158508158508
2018-09-04,32.5,0.463869463869464
2018-09-05,33.1,0.477855477855478
2018-09-06,32.75,0.46969696969697
2018-09-07,33.9,0.496503496503496
2018-09-10,34,0.498834498834499
2018-09-11,35.3,0.529137529137529
2018-09-12,34.75,0.516317016317016
2018-09-13,35,0.522144522144522
2018-09-14,34.85,0.518648018648019
2018-09-17,34.2,0.503496503496504
2018-09-18,35.25,0.527972027972028
2018-09-19,35.3,0.529137529137529
2018-09-20,35.5,0.533799533799534
2018-09-21,35.3,0.529137529137529
2018-09-24,34.9,0.51981351981352
2018-09-25,35,0.522144522144522
2018-09-26,34.9,0.51981351981352
2018-09-27,34.65,0.513986013986014
2018-09-28,35.2,0.526806526806527
2018-10-01,34.75,0.516317016317016
2018-10-02,36.2,0.55011655011655
2018-10-03,36.65,0.560606060606061
2018-10-04,36.75,0.562937062937063
2018-10-05,35.5,0.533799533799534
2018-10-08,36,0.545454545454545
2018-10-09,36.1,0.547785547785548
2018-10-10,35.35,0.53030303030303
2018-10-11,32.9,0.473193473193473
2018-10-12,33.8,0.494172494172494
2018-10-15,32.6,0.466200466200466
2018-10-16,33.5,0.487179487179487
2018-10-17,34.6,0.512820512820513
2018-10-18,34.6,0.512820512820513
2018-10-19,34.6,0.512820512820513
2018-10-22,35,0.522144522144522
2018-10-23,34.9,0.51981351981352
2018-10-24,32.6,0.466200466200466
2018-10-25,31.2,0.433566433566434
2018-10-26,30.6,0.41958041958042
2018-10-29,28.9,0.37995337995338
2018-10-30,27.6,0.34965034965035
2018-10-31,29.5,0.393939393939394
2018-11-01,30.35,0.413752913752914
2018-11-02,32.45,0.462703962703963
2018-11-05,32.8,0.470862470862471
2018-11-06,32,0.452214452214452
2018-11-07,32.45,0.462703962703963
2018-11-08,32.45,0.462703962703963
2018-11-09,31.7,0.445221445221445
2018-11-12,32.2,0.456876456876457
2018-11-13,31,0.428904428904429
2018-11-14,30,0.405594405594406
2018-11-15,31,0.428904428904429
2018-11-16,32.2,0.456876456876457
2018-11-19,32.2,0.456876456876457
2018-11-20,31.7,0.445221445221445
2018-11-21,32,0.452214452214452
2018-11-22,31.85,0.448717948717949
2018-11-23,31.7,0.445221445221445
2018-11-26,31.65,0.444055944055944
2018-11-27,31.45,0.439393939393939
2018-11-28,31.55,0.441724941724942
2018-11-29,31.25,0.434731934731935
2018-11-30,31.4,0.438228438228438
2018-12-03,33.55,0.488344988344988
2018-12-04,33.4,0.484848484848485
2018-12-05,33.85,0.495337995337995
2018-12-06,33.7,0.491841491841492
2018-12-07,33.7,0.491841491841492
2018-12-10,33.7,0.491841491841492
2018-12-11,33.55,0.488344988344988
2018-12-12,34.65,0.513986013986014
2018-12-13,34.3,0.505827505827506
2018-12-14,33.9,0.496503496503496
2018-12-17,33.2,0.48018648018648
2018-12-18,33.65,0.490675990675991
2018-12-19,33.3,0.482517482517482
2018-12-20,33.95,0.497668997668998
2018-12-21,34,0.498834498834499
2018-12-24,34,0.498834498834499
2018-12-25,32.75,0.46969696969697
2018-12-26,32.6,0.466200466200466
2018-12-27,34,0.498834498834499
2018-12-28,34.4,0.508158508158508
2019-01-02,33.5,0.487179487179487
2019-01-03,32,0.452214452214452
2019-01-04,31.55,0.441724941724942
2019-01-07,32.3,0.459207459207459
2019-01-08,32,0.452214452214452
2019-01-09,33,0.475524475524476
2019-01-10,32.5,0.463869463869464
2019-01-11,31.9,0.44988344988345
2019-01-14,31.9,0.44988344988345
2019-01-15,32.5,0.463869463869464
2019-01-16,32.2,0.456876456876457
2019-01-17,31.95,0.451048951048951
2019-01-18,31.7,0.445221445221445
2019-01-21,32.85,0.472027972027972
2019-01-22,32.75,0.46969696969697
2019-01-23,32.7,0.468531468531469
2019-01-24,32.5,0.463869463869464
2019-01-25,32.05,0.453379953379953
2019-01-28,31.9,0.44988344988345
2019-01-29,31.7,0.445221445221445
2019-01-30,31.7,0.445221445221445
2019-01-31,31.5,0.440559440559441
2019-02-01,31.6,0.442890442890443
2019-02-11,31.95,0.451048951048951
2019-02-12,32.45,0.462703962703963
2019-02-13,32.5,0.463869463869464
2019-02-14,32.4,0.461538461538462
2019-02-15,33.15,0.479020979020979
2019-02-18,33.5,0.487179487179487
2019-02-19,32.9,0.473193473193473
2019-02-20,34,0.498834498834499
2019-02-21,34.25,0.504662004662005
2019-02-22,34,0.498834498834499
2019-02-25,34,0.498834498834499
2019-02-26,33.6,0.48951048951049
2019-02-27,33.6,0.48951048951049
2019-02-28,32.5,0.463869463869464
2019-03-01,32.85,0.472027972027972
2019-03-04,33.6,0.48951048951049
2019-03-05,34.6,0.512820512820513
2019-03-06,34.75,0.516317016317016
2019-03-07,34.9,0.51981351981352
2019-03-08,34,0.498834498834499
2019-03-11,33.65,0.490675990675991
2019-03-12,35.5,0.533799533799534
2019-03-13,35.6,0.536130536130536
2019-03-14,36.2,0.55011655011655
2019-03-15,37.2,0.573426573426573
2019-03-18,37.3,0.575757575757576
2019-03-19,36.6,0.559440559440559
2019-03-20,36.1,0.547785547785548
2019-03-21,34.8,0.517482517482517
2019-03-22,35.1,0.524475524475524
2019-03-25,34.5,0.510489510489511
2019-03-26,34.3,0.505827505827506
2019-03-27,34.9,0.51981351981352
2019-03-28,35.6,0.536130536130536
2019-03-29,35.8,0.540792540792541
2019-04-01,35.5,0.533799533799534
2019-04-02,34.8,0.517482517482517
2019-04-03,35.7,0.538461538461539
2019-04-04,35.3,0.529137529137529
2019-04-05,35.05,0.523310023310023
2019-04-08,35.5,0.533799533799534
2019-04-09,35.75,0.53962703962704
2019-04-10,35.2,0.526806526806527
2019-04-11,35.15,0.525641025641026
2019-04-12,34.75,0.516317016317016
2019-04-12,34.75,0.516317016317016
2019-04-16,35.5,0.533799533799534
2019-04-16,35.5,0.533799533799534
2019-04-17,34.8,0.517482517482517
2019-04-17,34.8,0.517482517482517
2019-04-18,34.8,0.517482517482517
2019-04-18,34.8,0.517482517482517
2019-04-19,34.85,0.518648018648019
2019-04-19,34.85,0.518648018648019
2019-04-22,34.2,0.503496503496504
2019-04-22,34.2,0.503496503496504
2019-04-23,34.2,0.503496503496504
2019-04-23,34.2,0.503496503496504
2019-04-24,34.6,0.512820512820513
2019-04-24,34.6,0.512820512820513
2019-04-25,34.5,0.510489510489511
2019-04-25,34.5,0.510489510489511
2019-04-26,34.8,0.517482517482517
2019-04-26,34.8,0.517482517482517
2019-05-02,34.5,0.510489510489511
2019-05-02,34.5,0.510489510489511
2019-05-03,34.2,0.503496503496504
2019-05-03,34.2,0.503496503496504
2019-05-06,33.1,0.477855477855478
2019-05-06,33.1,0.477855477855478
2019-05-07,33.1,0.477855477855478
2019-05-07,33.1,0.477855477855478
2019-05-08,32.35,0.46037296037296
2019-05-08,32.35,0.46037296037296
2019-05-09,31.1,0.431235431235431
2019-05-09,31.1,0.431235431235431
2019-05-10,32,0.452214452214452
2019-05-10,32,0.452214452214452
2019-05-13,32.7,0.468531468531469
2019-05-13,32.7,0.468531468531469
2019-05-14,32.4,0.461538461538462
2019-05-14,32.4,0.461538461538462
2019-05-15,32.9,0.473193473193473
2019-05-15,32.9,0.473193473193473
2019-05-16,32.6,0.466200466200466
2019-05-16,32.6,0.466200466200466
2019-05-17,32.15,0.455710955710956
2019-05-17,32.15,0.455710955710956
2019-05-20,32.7,0.468531468531469
2019-05-20,32.7,0.468531468531469
2019-05-21,33.05,0.476689976689977
2019-05-21,33.05,0.476689976689977
2019-05-22,33.2,0.48018648018648
2019-05-22,33.2,0.48018648018648
2019-05-23,33.4,0.484848484848485
2019-05-23,33.4,0.484848484848485
2019-05-24,32.5,0.463869463869464
2019-05-24,32.5,0.463869463869464
2019-05-27,32.6,0.466200466200466
2019-05-27,32.6,0.466200466200466
2019-05-28,32.3,0.459207459207459
2019-05-28,32.3,0.459207459207459
2019-05-29,32,0.452214452214452
2019-05-29,32,0.452214452214452
2019-05-30,31.8,0.447552447552448
2019-05-30,31.8,0.447552447552448
2019-05-31,31.5,0.440559440559441
2019-05-31,31.5,0.440559440559441
2019-06-03,30.6,0.41958041958042
2019-06-03,30.6,0.41958041958042
2019-06-04,32,0.452214452214452
2019-06-04,32,0.452214452214452
2019-06-05,31.4,0.438228438228438
2019-06-05,31.4,0.438228438228438
2019-06-06,31.3,0.435897435897436
2019-06-06,31.3,0.435897435897436
2019-06-07,31.7,0.445221445221445
2019-06-07,31.7,0.445221445221445
2019-06-10,31.7,0.445221445221445
2019-06-10,31.7,0.445221445221445
2019-06-11,31.9,0.44988344988345
2019-06-11,31.9,0.44988344988345
2019-06-12,31.5,0.440559440559441
2019-06-12,31.5,0.440559440559441
2019-06-13,31.5,0.440559440559441
2019-06-13,31.5,0.440559440559441
2019-06-14,32.15,0.455710955710956
2019-06-14,32.15,0.455710955710956
2019-06-17,32.1,0.454545454545455
2019-06-17,32.1,0.454545454545455
2019-06-18,32,0.452214452214452
2019-06-18,32,0.452214452214452
2019-06-19,32,0.452214452214452
2019-06-19,32,0.452214452214452
2019-06-20,32.65,0.467365967365967
2019-06-20,32.65,0.467365967365967
2019-06-21,32.5,0.463869463869464
2019-06-21,32.5,0.463869463869464
2019-06-24,32.6,0.466200466200466
2019-06-24,32.6,0.466200466200466
2019-06-25,32.1,0.454545454545455
2019-06-25,32.1,0.454545454545455
2019-06-26,32.5,0.463869463869464
2019-06-26,32.5,0.463869463869464
2019-06-27,32,0.452214452214452
2019-06-27,32,0.452214452214452
2019-06-28,31.7,0.445221445221445
2019-06-28,31.7,0.445221445221445
2019-07-01,32.35,0.46037296037296
2019-07-01,32.35,0.46037296037296
2019-07-02,32.05,0.453379953379953
2019-07-02,32.05,0.453379953379953
2019-07-03,32.1,0.454545454545455
2019-07-03,32.1,0.454545454545455
2019-07-04,32.8,0.470862470862471
2019-07-04,32.8,0.470862470862471
2019-07-05,32.8,0.470862470862471
2019-07-05,32.8,0.470862470862471
2019-07-08,32.55,0.465034965034965
2019-07-08,32.55,0.465034965034965
2019-07-09,32.6,0.466200466200466
2019-07-09,32.6,0.466200466200466
2019-07-10,32.4,0.461538461538462
2019-07-10,32.4,0.461538461538462
2019-07-11,33.45,0.486013986013986
2019-07-11,33.45,0.486013986013986
2019-07-12,33.4,0.484848484848485
2019-07-12,33.4,0.484848484848485
2019-07-15,33.3,0.482517482517482
2019-07-15,33.3,0.482517482517482
2019-07-16,34.55,0.511655011655012
2019-07-16,34.55,0.511655011655012
2019-07-17,34.55,0.511655011655012
2019-07-17,34.55,0.511655011655012
2019-07-18,34.7,0.515151515151515
2019-07-18,34.7,0.515151515151515
2019-07-19,34.9,0.51981351981352
2019-07-19,34.9,0.51981351981352
2019-07-22,35.75,0.53962703962704
2019-07-22,35.75,0.53962703962704
2019-07-23,35.25,0.527972027972028
2019-07-23,35.25,0.527972027972028
2019-07-24,34.45,0.509324009324009
2019-07-24,34.45,0.509324009324009
2019-07-25,35.2,0.526806526806527
2019-07-25,35.2,0.526806526806527
2019-07-26,35.8,0.540792540792541
2019-07-26,35.8,0.540792540792541
2019-07-29,35.8,0.540792540792541
2019-07-29,35.8,0.540792540792541
2019-07-30,35,0.522144522144522
2019-07-30,35,0.522144522144522
2019-07-31,35.5,0.533799533799534
2019-08-01,35.45,0.532634032634033
2019-08-02,35.8,0.540792540792541
2019-08-05,35.8,0.540792540792541
2019-08-06,35.2,0.526806526806527
2019-08-07,34.7,0.515151515151515
2019-08-08,34.7,0.515151515151515
2019-08-09,34.7,0.515151515151515
2019-08-12,35.35,0.53030303030303
2019-08-13,34.9,0.51981351981352
2019-08-14,35.1,0.524475524475524
2019-08-15,35.1,0.524475524475524
2019-08-16,36,0.545454545454545
2019-08-19,36.7,0.561771561771562
2019-08-20,36.8,0.564102564102564
2019-08-21,37.85,0.588578088578089
2019-08-22,37.6,0.582750582750583
2019-08-23,37.55,0.581585081585081
2019-08-26,37.85,0.588578088578089
2019-08-27,37.5,0.58041958041958
2019-08-28,37.6,0.582750582750583
2019-08-29,37.9,0.58974358974359
2019-08-30,38.75,0.60955710955711
2019-09-03,38.7,0.608391608391608
2019-09-04,38.6,0.606060606060606
2019-09-05,38.5,0.603729603729604
2019-09-06,38,0.592074592074592
2019-09-09,38.1,0.594405594405594
2019-09-10,38.3,0.599067599067599
2019-09-11,38.2,0.596736596736597
2019-09-12,38.65,0.607226107226107
2019-09-13,39.85,0.635198135198135
2019-09-16,40,0.638694638694639
2019-09-17,41,0.662004662004662
2019-09-18,41.15,0.665501165501165
2019-09-19,40.8,0.657342657342657
2019-09-20,40,0.638694638694639
2019-09-23,39.65,0.63053613053613
2019-09-24,39.45,0.625874125874126
2019-09-25,39.9,0.636363636363636
2019-09-26,40.15,0.642191142191142
2019-09-27,40.25,0.644522144522145
2019-09-30,39.4,0.624708624708625
2019-10-01,40,0.638694638694639
2019-10-02,40.2,0.643356643356643
2019-10-03,41.25,0.667832167832168
2019-10-04,40.5,0.65034965034965
2019-10-07,40.4,0.648018648018648
2019-10-08,41.1,0.664335664335664
2019-10-09,41.25,0.667832167832168
2019-10-10,41,0.662004662004662
2019-10-11,40.8,0.657342657342657
2019-10-14,41.15,0.665501165501165
2019-10-15,41.4,0.671328671328671
2019-10-16,41.15,0.665501165501165
2019-10-17,40.8,0.657342657342657
2019-10-18,40.1,0.641025641025641
2019-10-21,39.3,0.622377622377622
2019-10-22,40,0.638694638694639
2019-10-23,40.1,0.641025641025641
2019-10-24,40.3,0.645687645687646
2019-10-25,40.2,0.643356643356643
2019-10-28,40.6,0.652680652680653
2019-10-29,40.6,0.652680652680653
2019-10-30,40.2,0.643356643356643
2019-10-31,40.6,0.652680652680653
2019-11-01,41,0.662004662004662
2019-11-04,42.2,0.68997668997669
2019-11-05,42.5,0.696969696969697
2019-11-06,42.2,0.68997668997669
2019-11-07,41.6,0.675990675990676
2019-11-08,41.3,0.668997668997669
2019-11-11,41.3,0.668997668997669
2019-11-12,42.1,0.687645687645688
2019-11-13,42.9,0.706293706293706
2019-11-14,42.5,0.696969696969697
2019-11-15,42,0.685314685314685
2019-11-18,41.3,0.668997668997669
2019-11-19,41.65,0.677156177156177
2019-11-20,41.55,0.674825174825175
2019-11-21,41.2,0.666666666666667
2019-11-22,40.2,0.643356643356643
2019-11-25,39.7,0.631701631701632
2019-11-26,40,0.638694638694639
2019-11-27,40.8,0.657342657342657
2019-11-28,40.65,0.653846153846154
2019-11-29,40.5,0.65034965034965
2019-12-02,39.4,0.624708624708625
2019-12-03,39.7,0.631701631701632
2019-12-04,40.35,0.646853146853147
2019-12-05,40,0.638694638694639
2019-12-06,39.65,0.63053613053613
2019-12-09,40,0.638694638694639
2019-12-10,39.9,0.636363636363636
2019-12-11,40.1,0.641025641025641
2019-12-12,41,0.662004662004662
2019-12-13,41.9,0.682983682983683
2019-12-16,41.9,0.682983682983683
2019-12-17,41.45,0.672494172494173
2019-12-18,42,0.685314685314685
2019-12-19,42.2,0.68997668997669
2019-12-20,42.75,0.702797202797203
2019-12-23,44.75,0.749417249417249
2019-12-24,44.9,0.752913752913753
2019-12-25,45.2,0.75990675990676
2019-12-26,44.2,0.736596736596737
2019-12-27,46.2,0.783216783216783
2019-12-30,46.1,0.780885780885781
2019-12-31,46.15,0.782051282051282
2020-01-02,46.9,0.799533799533799
2020-01-03,46.7,0.794871794871795
2020-01-06,45.8,0.773892773892774
2020-01-07,46.7,0.794871794871795
2020-01-08,47.1,0.804195804195804
2020-01-09,49.65,0.863636363636364
2020-01-10,51.3,0.902097902097902
2020-01-13,50.1,0.874125874125874
2020-01-14,50.1,0.874125874125874
2020-01-15,51,0.895104895104895
2020-01-16,54,0.965034965034965
2020-01-17,53.5,0.953379953379953
2020-01-20,53.3,0.948717948717949
2020-01-21,54,0.965034965034965
2020-01-22,55.5,1
2020-01-30,52.7,0.934731934731935
2020-01-31,51.5,0.906759906759907
2020-02-03,53.5,0.953379953379953
2020-02-04,54.4,0.974358974358974
2020-02-05,53.5,0.953379953379953
2020-02-06,53.2,0.946386946386946
2020-02-07,51.7,0.911421911421912
2020-02-10,49.1,0.850815850815851
2020-02-11,50.8,0.89044289044289
2020-02-12,50.8,0.89044289044289
2020-02-13,50.4,0.881118881118881
2020-02-14,50,0.871794871794872
2020-02-17,51.5,0.906759906759907
2020-02-18,52,0.918414918414918
2020-02-19,51.3,0.902097902097902
2020-02-20,51.3,0.902097902097902
2020-02-21,49.5,0.86013986013986
2020-02-24,46.3,0.785547785547785
2020-02-25,48.8,0.843822843822844
2020-02-26,47,0.801864801864802
2020-02-27,47.1,0.804195804195804
2020-02-28,45.5,0.766899766899767
2020-03-02,45.15,0.758741258741259
2020-03-03,46.9,0.799533799533799
2020-03-04,46.15,0.782051282051282
2020-03-05,46.65,0.793706293706294
2020-03-06,46.85,0.798368298368298
2020-03-09,43.6,0.722610722610723
2020-03-10,42.4,0.694638694638695
2020-03-11,39.45,0.625874125874126
2020-03-12,36.7,0.561771561771562
2020-03-13,35,0.522144522144522
2020-03-16,32.8,0.470862470862471
2020-03-17,33.8,0.494172494172494
2020-03-18,34.55,0.511655011655012
2020-03-19,33.4,0.484848484848485
2020-03-20,33.1,0.477855477855478
2020-03-23,30.8,0.424242424242424
2020-03-24,31.6,0.442890442890443
2020-03-25,33.2,0.48018648018648
2020-03-26,33.3,0.482517482517482
2020-03-27,33,0.475524475524476
2020-03-30,30.9,0.426573426573427
2020-03-31,30.85,0.425407925407925
2020-04-01,32.1,0.454545454545455
2020-04-03,34.3,0.505827505827506
2020-04-06,36.7,0.561771561771562
2020-04-07,37,0.568764568764569
2020-04-08,37.95,0.590909090909091
2020-04-09,37.7,0.585081585081585
2020-04-10,36.9,0.566433566433566
2020-04-13,37.15,0.572261072261072
2020-04-14,36.5,0.557109557109557
2020-04-15,37.3,0.575757575757576
2020-04-16,37.3,0.575757575757576
2020-04-17,37.4,0.578088578088578
2020-04-20,37.1,0.571095571095571
2020-04-21,34.7,0.515151515151515
2020-04-22,36.2,0.55011655011655
2020-04-23,36.2,0.55011655011655
2020-04-24,36,0.545454545454545
2020-04-27,35.1,0.524475524475524
2020-04-28,35.15,0.525641025641026
2020-04-29,35.6,0.536130536130536
2020-05-04,35.3,0.529137529137529
2020-05-05,35.3,0.529137529137529
2020-05-06,36,0.545454545454545
2020-05-07,37.55,0.581585081585081
2020-05-08,38,0.592074592074592
2020-05-11,38.5,0.603729603729604
2020-05-12,38.55,0.604895104895105
2020-05-13,39.6,0.629370629370629
2020-05-14,39.7,0.631701631701632
2020-05-15,38.6,0.606060606060606
2020-05-18,38.9,0.613053613053613
2020-05-19,39.1,0.617715617715618
2020-05-20,39.15,0.618881118881119
2020-05-21,39.7,0.631701631701632
2020-05-22,39.3,0.622377622377622
2020-05-25,39.65,0.63053613053613
2020-05-26,42,0.685314685314685
2020-05-27,39.8,0.634032634032634
2020-05-28,40.7,0.655011655011655
2020-05-29,40.1,0.641025641025641
2020-06-01,41.45,0.672494172494173
2020-06-02,40.55,0.651515151515151
2020-06-03,41,0.662004662004662
2020-06-04,41.8,0.680652680652681
2020-06-05,42.1,0.687645687645688
2020-06-08,44,0.731934731934732
2020-06-09,43.35,0.716783216783217
2020-06-10,43.5,0.72027972027972
2020-06-11,40.5,0.65034965034965
2020-06-12,42.5,0.696969696969697
2020-06-15,39.9,0.636363636363636
2020-06-16,40.7,0.655011655011655
2020-06-17,40.3,0.645687645687646
2020-06-18,40.5,0.65034965034965
2020-06-19,41.45,0.672494172494173
2020-06-22,41.3,0.668997668997669
2020-06-23,40.7,0.655011655011655
2020-06-24,40.3,0.645687645687646
2020-06-25,40,0.638694638694639
2020-06-26,39.9,0.636363636363636
2020-06-29,38.5,0.603729603729604
2020-06-30,37.9,0.58974358974359
2020-07-01,39.2,0.62004662004662
2020-07-02,39,0.615384615384615
2020-07-03,39.1,0.617715617715618
2020-07-06,40.1,0.641025641025641
2020-07-07,40.6,0.652680652680653
2020-07-08,40.55,0.651515151515151
2020-07-09,41.6,0.675990675990676
2020-07-10,41.5,0.673659673659674
2020-07-13,41.3,0.668997668997669
2020-07-14,41.25,0.667832167832168
2020-07-15,41.35,0.67016317016317
2020-07-16,41.35,0.67016317016317
2020-07-17,41.6,0.675990675990676
2020-07-20,40.8,0.657342657342657
2020-07-21,40.8,0.657342657342657
2020-07-22,40,0.638694638694639
2020-07-23,39.85,0.635198135198135
2020-07-24,38.2,0.596736596736597
2020-07-27,35.55,0.534965034965035
2020-07-28,37.85,0.588578088578089
2020-07-29,36.95,0.567599067599068
2020-07-30,37.2,0.573426573426573
2020-07-31,36.65,0.560606060606061
2020-08-03,37.2,0.573426573426573
2020-08-04,37.9,0.58974358974359
2020-08-05,38.75,0.60955710955711
2020-08-06,38.25,0.597902097902098
2020-08-07,38.1,0.594405594405594
2020-08-10,38.1,0.594405594405594
2020-08-11,38.5,0.603729603729604
2020-08-12,39.2,0.62004662004662
2020-08-13,39.65,0.63053613053613
2020-08-14,39,0.615384615384615
2020-08-17,38.7,0.608391608391608
2020-08-18,38.4,0.601398601398601
2020-08-19,38.6,0.606060606060606
2020-08-20,38.25,0.597902097902098
2020-08-21,38.95,0.614219114219114
2020-08-24,39.65,0.63053613053613
2020-08-25,39.5,0.627039627039627
2020-08-26,39.35,0.623543123543124
2020-08-27,39.1,0.617715617715618
2020-08-28,40.55,0.651515151515151
2020-08-31,40.95,0.660839160839161
2020-09-01,41.4,0.671328671328671
2020-09-03,42.2,0.68997668997669
2020-09-04,42.1,0.687645687645688
2020-09-07,40.6,0.652680652680653
2020-09-08,40.85,0.658508158508159
2020-09-09,40.8,0.657342657342657
2020-09-10,40.5,0.65034965034965
2020-09-11,40.45,0.649184149184149
2020-09-14,40.5,0.65034965034965
2020-09-15,40.75,0.656177156177156
2020-09-16,40.55,0.651515151515151
2020-09-17,40.5,0.65034965034965
2020-09-18,41,0.662004662004662
2020-09-21,40.8,0.657342657342657
2020-09-22,40.7,0.655011655011655
2020-09-23,41.4,0.671328671328671
2020-09-24,40.9,0.65967365967366
2020-09-25,40.8,0.657342657342657
2020-09-28,41.3,0.668997668997669
2020-09-29,40.65,0.653846153846154
2020-09-30,40.8,0.657342657342657
2020-10-01,40.95,0.660839160839161
2020-10-02,40.65,0.653846153846154
2020-10-05,40.4,0.648018648018648
2020-10-06,40.45,0.649184149184149
2020-10-07,40.45,0.649184149184149
2020-10-08,40.4,0.648018648018648
2020-10-09,40.35,0.646853146853147
2020-10-12,40.95,0.660839160839161
2020-10-13,41.25,0.667832167832168
2020-10-14,42.9,0.706293706293706
2020-10-15,42.25,0.691142191142191
2020-10-16,42.2,0.68997668997669
2020-10-19,41.9,0.682983682983683
2020-10-20,42,0.685314685314685
2020-10-21,42.35,0.693473193473193
2020-10-22,42.95,0.707459207459208
2020-10-23,42.8,0.703962703962704
2020-10-26,41,0.662004662004662
2020-10-27,40.7,0.655011655011655
2020-10-28,39.3,0.622377622377622
2020-10-29,38.65,0.607226107226107
2020-10-30,38.5,0.603729603729604
2020-11-02,38.9,0.613053613053613
2020-11-03,39.4,0.624708624708625
2020-11-04,39.75,0.632867132867133
2020-11-05,39.05,0.616550116550116
2020-11-06,39.05,0.616550116550116
2020-11-09,39.25,0.621212121212121
2020-11-10,39.4,0.624708624708625
2020-11-11,39.4,0.624708624708625
2020-11-12,39.6,0.629370629370629
2020-11-13,40.3,0.645687645687646
2020-11-16,39.9,0.636363636363636
2020-11-17,40.3,0.645687645687646
2020-11-18,40.05,0.63986013986014
2020-11-19,40.4,0.648018648018648
2020-11-20,41.2,0.666666666666667
2020-11-23,41.1,0.664335664335664
2020-11-24,40.7,0.655011655011655
2020-11-25,41.3,0.668997668997669
2020-11-26,42.6,0.699300699300699
2020-11-27,42.45,0.695804195804196
2020-11-30,41.7,0.678321678321678
2020-12-01,41.7,0.678321678321678
2020-12-02,41.5,0.673659673659674
2020-12-03,41.6,0.675990675990676
2020-12-04,41.65,0.677156177156177
2020-12-07,43,0.708624708624709
2020-12-08,42.7,0.701631701631702
2020-12-09,43.8,0.727272727272727
2020-12-10,43.95,0.730769230769231
2020-12-11,45.8,0.773892773892774
2020-12-14,46.5,0.79020979020979
2020-12-15,46.1,0.780885780885781
2020-12-16,47.4,0.811188811188811
2020-12-17,46.4,0.787878787878788
2020-12-18,47,0.801864801864802
2020-12-21,47.45,0.812354312354312
2020-12-22,46.85,0.798368298368298
2020-12-23,46.6,0.792540792540793
2020-12-24,45.5,0.766899766899767
2020-12-25,46.6,0.792540792540793
2020-12-28,47.45,0.812354312354312
2020-12-29,48.35,0.833333333333333
2020-12-30,48.05,0.826340326340326
2020-12-31,47.9,0.822843822843823
2021-01-04,48.25,0.831002331002331
2021-01-05,47.9,0.822843822843823
2021-01-06,48.8,0.843822843822844
2021-01-07,48.9,0.846153846153846
2021-01-08,48.5,0.836829836829837
2021-01-11,48.25,0.831002331002331
2021-01-12,48.75,0.842657342657343
2021-01-13,48.45,0.835664335664336
2021-01-14,48.85,0.844988344988345
2021-01-15,48.85,0.844988344988345
2021-01-18,48.65,0.84032634032634
2021-01-19,45.25,0.761072261072261
2021-01-20,45.5,0.766899766899767
2021-01-21,46.5,0.79020979020979
2021-01-22,45.25,0.761072261072261
2021-01-25,44.6,0.745920745920746
2021-01-26,42.55,0.698135198135198
2021-01-27,41.3,0.668997668997669
2021-01-28,38.45,0.602564102564103
2021-01-29,39.9,0.636363636363636
2021-02-01,39.1,0.617715617715618
2021-02-02,39.35,0.623543123543124
2021-02-03,41.35,0.67016317016317
2021-02-04,41.5,0.673659673659674
2021-02-05,41.8,0.680652680652681
2021-02-08,40.1,0.641025641025641
2021-02-09,40.8,0.657342657342657
2021-02-17,42.1,0.687645687645688
2021-02-18,43.4,0.717948717948718
2021-02-19,44.1,0.734265734265734
2021-02-22,43.75,0.726107226107226
2021-02-23,44,0.731934731934732
2021-02-24,43.05,0.70979020979021
2021-02-25,42.95,0.707459207459208
2021-02-26,43.6,0.722610722610723
2021-03-01,44.1,0.734265734265734
2021-03-02,44.05,0.733100233100233
2021-03-03,43.8,0.727272727272727
2021-03-04,42.75,0.702797202797203
2021-03-05,42.4,0.694638694638695
2021-03-08,42.45,0.695804195804196
2021-03-09,41.85,0.681818181818182
2021-03-10,42,0.685314685314685
2021-03-11,43.3,0.715617715617716
2021-03-12,43.35,0.716783216783217
2021-03-15,43,0.708624708624709
2021-03-16,42.4,0.694638694638695
2021-03-17,43.3,0.715617715617716
2021-03-18,45,0.755244755244755
2021-03-19,45,0.755244755244755
2021-03-22,44.65,0.747086247086247
2021-03-23,43.7,0.724941724941725
2021-03-24,42.15,0.688811188811189
2021-03-25,42.25,0.691142191142191
2021-03-26,42.1,0.687645687645688
2021-03-29,42.55,0.698135198135198
2021-03-30,42.85,0.705128205128205
2021-03-31,42.95,0.707459207459208
2021-04-01,43.95,0.730769230769231
2021-04-02,45,0.755244755244755
2021-04-05,45.55,0.768065268065268
2021-04-06,45.75,0.772727272727273
2021-04-07,45.55,0.768065268065268
2021-04-08,44.8,0.75058275058275
2021-04-09,44.3,0.738927738927739
2021-04-12,44.75,0.749417249417249
2021-04-13,43.65,0.723776223776224
2021-04-14,44,0.731934731934732
2021-04-15,43.05,0.70979020979021
2021-04-16,42,0.685314685314685
2021-04-19,43,0.708624708624709
2021-04-20,43.2,0.713286713286713
2021-04-22,41,0.662004662004662
2021-04-23,42,0.685314685314685
2021-04-26,40.5,0.65034965034965
2021-04-27,40.35,0.646853146853147
2021-04-28,40.6,0.652680652680653
2021-04-29,41,0.662004662004662
2021-05-04,41.3,0.668997668997669
2021-05-05,41.9,0.682983682983683
2021-05-06,41.25,0.667832167832168
2021-05-07,40.65,0.653846153846154
2021-05-10,41.4,0.671328671328671
2021-05-11,42.1,0.687645687645688
2021-05-12,42.65,0.7004662004662
2021-05-13,42.6,0.699300699300699
2021-05-14,42.35,0.693473193473193
2021-05-17,41.8,0.680652680652681
2021-05-18,40.9,0.65967365967366
2021-05-19,40.9,0.65967365967366
2021-05-20,41.85,0.681818181818182
2021-05-21,44.75,0.749417249417249
2021-05-24,46,0.778554778554779
2021-05-25,46.7,0.794871794871795
2021-05-26,46.65,0.793706293706294
2021-05-27,45.4,0.764568764568765
2021-05-28,47.15,0.805361305361305
2021-05-31,48.7,0.841491841491842
2021-06-01,48,0.825174825174825
2021-06-02,47.4,0.811188811188811
2021-06-03,48.8,0.843822843822844
2021-06-04,49,0.848484848484849
2021-06-07,46.8,0.797202797202797
2021-06-08,44.8,0.75058275058275
2021-06-09,45.45,0.765734265734266
2021-06-10,43.9,0.72960372960373
2021-06-11,45.2,0.75990675990676
2021-06-14,44.9,0.752913752913753
2021-06-15,44.9,0.752913752913753
2021-06-16,45.3,0.762237762237762
2021-06-17,45.9,0.776223776223776
2021-06-18,46.15,0.782051282051282
2021-06-21,45,0.755244755244755
2021-06-22,45,0.755244755244755
2021-06-23,45.4,0.764568764568765
2021-06-24,45.2,0.75990675990676
2021-06-25,45.55,0.768065268065268
2021-06-28,46.9,0.799533799533799
2021-06-29,46.9,0.799533799533799
2021-06-30,47.25,0.807692307692308
2021-07-01,47.3,0.808857808857809
2021-07-02,47.05,0.803030303030303
2021-07-05,46.65,0.793706293706294
2021-07-06,44,0.731934731934732
2021-07-07,45.5,0.766899766899767
2021-07-08,45.8,0.773892773892774
2021-07-09,44.9,0.752913752913753
2021-07-12,42,0.685314685314685
2021-07-13,42.4,0.694638694638695
2021-07-14,42.6,0.699300699300699
2021-07-15,42.7,0.701631701631702
2021-07-16,42.5,0.696969696969697
2021-07-19,39.65,0.63053613053613
2021-07-20,41,0.662004662004662
2021-07-21,40.7,0.655011655011655
2021-07-22,41,0.662004662004662
2021-07-23,40.2,0.643356643356643
2021-07-26,40,0.638694638694639
2021-07-27,40.2,0.643356643356643
2021-07-28,40.5,0.65034965034965
2021-07-29,41,0.662004662004662
2021-07-30,41.1,0.664335664335664
2021-08-02,42.55,0.698135198135198
2021-08-03,43.35,0.716783216783217
2021-08-04,43,0.708624708624709
2021-08-05,42.95,0.707459207459208
2021-08-06,42.9,0.706293706293706
2021-08-09,43.15,0.712121212121212
2021-08-10,43.3,0.715617715617716
2021-08-11,43.1,0.710955710955711
2021-08-12,42.8,0.703962703962704
2021-08-13,42.55,0.698135198135198
2021-08-16,43.3,0.715617715617716
2021-08-17,42.95,0.707459207459208
2021-08-18,42.65,0.7004662004662
2021-08-19,42.5,0.696969696969697
2021-08-20,40.5,0.65034965034965
2021-08-23,39.3,0.622377622377622
2021-08-24,39.4,0.624708624708625
2021-08-25,39.45,0.625874125874126
2021-08-26,38.6,0.606060606060606
2021-08-27,38.7,0.608391608391608
2021-08-30,39.45,0.625874125874126
2021-08-31,38.95,0.614219114219114
2021-09-01,39,0.615384615384615
2021-09-06,39.1,0.617715617715618
2021-09-07,39.7,0.631701631701632
2021-09-08,39.6,0.629370629370629
2021-09-09,39.8,0.634032634032634
2021-09-10,39.65,0.63053613053613
2021-09-13,39.15,0.618881118881119
2021-09-14,38.7,0.608391608391608
2021-09-15,38.8,0.610722610722611
2021-09-16,39.4,0.624708624708625
2021-09-17,40,0.638694638694639
2021-09-21,39.65,0.63053613053613
2021-09-22,39.6,0.629370629370629
2021-09-23,39.45,0.625874125874126
2021-09-24,39.7,0.631701631701632
2021-09-27,39.4,0.624708624708625
2021-09-28,40.1,0.641025641025641
2021-09-29,39.9,0.636363636363636
2021-09-30,39.45,0.625874125874126
2021-10-01,38.8,0.610722610722611
2021-10-04,38.9,0.613053613053613
2021-10-05,39.3,0.622377622377622
2021-10-06,39.4,0.624708624708625
2021-10-07,39.15,0.618881118881119
2021-10-08,39.2,0.62004662004662
2021-10-11,40,0.638694638694639
2021-10-12,40.25,0.644522144522145
2021-10-13,39.9,0.636363636363636
2021-10-14,39.55,0.628205128205128
2021-10-15,39.5,0.627039627039627
2021-10-18,39.3,0.622377622377622
2021-10-19,40.05,0.63986013986014
2021-10-20,39.75,0.632867132867133
2021-10-21,39.5,0.627039627039627
2021-10-22,39.3,0.622377622377622
2021-10-25,39.2,0.62004662004662
2021-10-26,39.2,0.62004662004662
2021-10-27,39.9,0.636363636363636
2021-10-28,39.85,0.635198135198135
2021-10-29,41.5,0.673659673659674
2021-11-01,41.8,0.680652680652681
2021-11-02,41.95,0.684149184149184
2021-11-03,43.05,0.70979020979021
2021-11-04,44,0.731934731934732
2021-11-05,43.6,0.722610722610723
2021-11-08,43.9,0.72960372960373
2021-11-09,43,0.708624708624709
2021-11-10,43,0.708624708624709
2021-11-11,42.8,0.703962703962704
2021-11-12,43.2,0.713286713286713
2021-11-15,42.8,0.703962703962704
2021-11-16,42.8,0.703962703962704
2021-11-17,43.6,0.722610722610723
2021-11-18,44.5,0.743589743589744
2021-11-19,44.4,0.741258741258741
2021-11-22,45.55,0.768065268065268
2021-11-23,44.7,0.748251748251748
2021-11-24,46.05,0.77972027972028
2021-11-25,45.35,0.763403263403263
2021-11-26,45.45,0.765734265734266
2021-11-29,44.5,0.743589743589744
2021-11-30,44.4,0.741258741258741
2021-12-01,44.3,0.738927738927739
2021-12-02,44.2,0.736596736596737
2021-12-03,42,0.685314685314685
2021-12-06,41.95,0.684149184149184
2021-12-07,43.6,0.722610722610723
2021-12-08,44,0.731934731934732
2021-12-09,44,0.731934731934732
2021-12-10,44.6,0.745920745920746
2021-12-13,45.5,0.766899766899767
2021-12-14,45.3,0.762237762237762
2021-12-15,44.9,0.752913752913753
2021-12-16,44.9,0.752913752913753
2021-12-17,44.9,0.752913752913753
2021-12-20,44.6,0.745920745920746
2021-12-21,43.8,0.727272727272727
2021-12-22,43.3,0.715617715617716
2021-12-23,34.5,0.510489510489511
2021-12-24,35,0.522144522144522
2021-12-27,35.3,0.529137529137529
2021-12-28,35.2,0.526806526806527
2021-12-29,35.2,0.526806526806527
2021-12-30,35.4,0.531468531468531
2021-12-31,37.1,0.571095571095571
2022-01-04,37.4,0.578088578088578
2022-01-05,37.05,0.56993006993007
2022-01-06,38,0.592074592074592
2022-01-07,39.2,0.62004662004662
2022-01-10,38.85,0.611888111888112
2022-01-11,39.4,0.624708624708625
2022-01-12,42.15,0.688811188811189
2022-01-13,44,0.731934731934732
2022-01-14,44.25,0.737762237762238
2022-01-17,43.65,0.723776223776224
2022-01-18,44.9,0.752913752913753
2022-01-19,43.65,0.723776223776224
2022-01-20,46.7,0.794871794871795
2022-01-21,47.35,0.81002331002331
2022-01-24,46.9,0.799533799533799
2022-01-25,49,0.848484848484849
2022-01-26,48.1,0.827505827505828
2022-01-27,47.6,0.815850815850816
2022-01-28,47.95,0.824009324009324
2022-02-07,47.4,0.811188811188811
2022-02-08,47.35,0.81002331002331
2022-02-09,48.4,0.834498834498834
2022-02-10,48.4,0.834498834498834
2022-02-11,47.9,0.822843822843823
2022-02-14,44.75,0.749417249417249
2022-02-15,46.2,0.783216783216783
2022-02-16,45.15,0.758741258741259
2022-02-17,46,0.778554778554779
2022-02-18,44.7,0.748251748251748
2022-02-21,45.25,0.761072261072261
2022-02-22,46,0.778554778554779
2022-02-23,45.6,0.769230769230769
2022-02-24,44.6,0.745920745920746
2022-02-25,44.55,0.744755244755245
2022-02-28,43.7,0.724941724941725
2022-03-01,44.1,0.734265734265734
2022-03-02,42.45,0.695804195804196
2022-03-03,42.8,0.703962703962704
2022-03-04,43.3,0.715617715617716
2022-03-07,42.25,0.691142191142191
2022-03-08,41.6,0.675990675990676
2022-03-09,40.5,0.65034965034965
2022-03-10,40.95,0.660839160839161
2022-03-11,41.85,0.681818181818182
2022-03-14,41.3,0.668997668997669
2022-03-15,42.1,0.687645687645688
2022-03-17,43.5,0.72027972027972
2022-03-18,43.9,0.72960372960373
2022-03-21,43.8,0.727272727272727
2022-03-22,43.5,0.72027972027972
2022-03-23,43.4,0.717948717948718
2022-03-24,43.1,0.710955710955711
2022-03-25,43.45,0.719114219114219
2022-03-28,41.6,0.675990675990676
2022-03-29,42.4,0.694638694638695
2022-03-30,43.55,0.721445221445221
2022-03-31,43.5,0.72027972027972
2022-04-01,44.35,0.74009324009324
2022-04-04,44.25,0.737762237762238
2022-04-05,43.3,0.715617715617716
2022-04-06,43.5,0.72027972027972
2022-04-07,43.05,0.70979020979021
2022-04-08,41.9,0.682983682983683
2022-04-12,40.45,0.649184149184149
2022-04-13,40.9,0.65967365967366
2022-04-14,40.5,0.65034965034965
2022-04-15,39.3,0.622377622377622
2022-04-18,37.95,0.590909090909091
2022-04-19,37.95,0.590909090909091
2022-04-20,37.95,0.590909090909091
2022-04-21,38.5,0.603729603729604
2022-04-22,38.5,0.603729603729604
2022-04-25,35.85,0.541958041958042
2022-04-26,36.9,0.566433566433566
2022-04-27,37.2,0.573426573426573
2022-04-28,36.7,0.561771561771562
2022-04-29,37.25,0.574592074592075
2022-05-04,37.25,0.574592074592075
2022-05-05,38.2,0.596736596736597
2022-05-06,37,0.568764568764569
2022-05-09,34.45,0.509324009324009
2022-05-10,35.8,0.540792540792541
2022-05-11,36.1,0.547785547785548
2022-05-12,33.6,0.48951048951049
2022-05-13,31.8,0.447552447552448
2022-05-16,32.2,0.456876456876457
2022-05-17,34.45,0.509324009324009
2022-05-18,34.9,0.51981351981352
2022-05-19,34.65,0.513986013986014
2022-05-20,34.5,0.510489510489511
2022-05-23,33.35,0.483682983682984
2022-05-24,33.75,0.493006993006993
2022-05-25,34.9,0.51981351981352
2022-05-26,35.1,0.524475524475524
2022-05-27,35.3,0.529137529137529
2022-05-30,35.75,0.53962703962704
2022-05-31,35.3,0.529137529137529
2022-06-01,35.15,0.525641025641026
2022-06-02,34.7,0.515151515151515
2022-06-03,34.35,0.506993006993007
2022-06-06,34.2,0.503496503496504
2022-06-07,33.6,0.48951048951049
2022-06-08,34.3,0.505827505827506
2022-06-09,34.5,0.510489510489511
2022-06-10,33.8,0.494172494172494
2022-06-13,31.95,0.451048951048951
2022-06-14,32.3,0.459207459207459
2022-06-15,32,0.452214452214452
2022-06-16,32.3,0.459207459207459
2022-06-17,31.6,0.442890442890443
2022-06-20,29.5,0.393939393939394
2022-06-21,30.3,0.412587412587413
2022-06-22,30.5,0.417249417249417
2022-06-23,31,0.428904428904429
2022-06-24,31.2,0.433566433566434
2022-06-27,31.75,0.446386946386946
2022-06-28,33.65,0.490675990675991
2022-06-29,34.9,0.51981351981352
2022-06-30,33.5,0.487179487179487
2022-07-01,35.05,0.523310023310023
2022-07-04,35.05,0.523310023310023
2022-07-05,36.3,0.552447552447552
2022-07-06,35.6,0.536130536130536
2022-07-07,36.3,0.552447552447552
2022-07-08,35,0.522144522144522
2022-07-11,34.5,0.510489510489511
2022-07-12,36.4,0.554778554778555
2022-07-13,36.05,0.546620046620046
2022-07-14,36.15,0.548951048951049
2022-07-15,35.8,0.540792540792541
2022-07-18,35.5,0.533799533799534
2022-07-19,35.65,0.537296037296037
2022-07-20,36.4,0.554778554778555
2022-07-21,36.5,0.557109557109557
2022-07-22,35.5,0.533799533799534
2022-07-25,35.4,0.531468531468531
2022-07-26,35.55,0.534965034965035
2022-07-27,35.55,0.534965034965035
2022-07-28,36.5,0.557109557109557
2022-07-29,37.3,0.575757575757576
2022-08-01,39,0.615384615384615
2022-08-02,38.5,0.603729603729604
2022-08-03,39.3,0.622377622377622
2022-08-04,39.3,0.622377622377622
2022-08-05,39,0.615384615384615
2022-08-08,38.8,0.610722610722611
2022-08-09,38.65,0.607226107226107
2022-08-10,38.4,0.601398601398601
2022-08-11,38.3,0.599067599067599
2022-08-12,39.2,0.62004662004662
2022-08-15,41,0.662004662004662
2022-08-16,40.5,0.65034965034965
2022-08-17,40,0.638694638694639
2022-08-18,39.6,0.629370629370629
2022-08-19,39.35,0.623543123543124
2022-08-22,38.45,0.602564102564103
2022-08-23,39.5,0.627039627039627
2022-08-24,39.3,0.622377622377622
2022-08-25,39.3,0.622377622377622
2022-08-26,39.4,0.624708624708625
2022-08-29,39,0.615384615384615
2022-08-30,39.8,0.634032634032634
2022-08-31,40,0.638694638694639
2022-09-05,39.5,0.627039627039627
2022-09-06,40.05,0.63986013986014
2022-09-07,37.8,0.587412587412587
2022-09-08,36.7,0.561771561771562
2022-09-09,37,0.568764568764569
2022-09-12,36.9,0.566433566433566
2022-09-13,36.8,0.564102564102564
2022-09-14,36.5,0.557109557109557
2022-09-15,35.75,0.53962703962704
2022-09-16,35.5,0.533799533799534
2022-09-19,34.2,0.503496503496504
2022-09-20,35.15,0.525641025641026
2022-09-21,34.75,0.516317016317016
2022-09-22,35.15,0.525641025641026
2022-09-23,34.75,0.516317016317016
2022-09-26,33.4,0.484848484848485
2022-09-27,33.7,0.491841491841492
2022-09-28,33.5,0.487179487179487
2022-09-29,33.5,0.487179487179487
2022-09-30,33.9,0.496503496503496
2022-10-03,31.55,0.441724941724942
2022-10-04,31,0.428904428904429
2022-10-05,31.8,0.447552447552448
2022-10-06,31,0.428904428904429
2022-10-07,29.2,0.386946386946387
2022-10-10,30,0.405594405594406
2022-10-11,28.5,0.370629370629371
2022-10-12,30.45,0.416083916083916
2022-10-13,32.45,0.462703962703963
2022-10-14,33,0.475524475524476
2022-10-17,32.7,0.468531468531469
2022-10-18,32.8,0.470862470862471
2022-10-19,33,0.475524475524476
2022-10-20,33.15,0.479020979020979
2022-10-21,32.6,0.466200466200466
2022-10-24,30.35,0.413752913752914
2022-10-25,31.3,0.435897435897436
2022-10-26,31.7,0.445221445221445
2022-10-27,33.9,0.496503496503496
2022-10-28,33.8,0.494172494172494
2022-10-31,34.55,0.511655011655012
2022-11-01,34.05,0.5
2022-11-02,33.7,0.491841491841492
2022-11-03,33,0.475524475524476
2022-11-04,33.3,0.482517482517482
2022-11-07,33.3,0.482517482517482
2022-11-08,34.9,0.51981351981352
2022-11-09,36.15,0.548951048951049
2022-11-10,34.7,0.515151515151515
2022-11-11,36,0.545454545454545
2022-11-14,35.9,0.543123543123543
2022-11-15,33.4,0.484848484848485
2022-11-16,35.7,0.538461538461539
2022-11-17,35.65,0.537296037296037
2022-11-18,35.95,0.544289044289044
2022-11-21,35.5,0.533799533799534
2022-11-22,36.45,0.555944055944056
2022-11-23,37.4,0.578088578088578
2022-11-24,38,0.592074592074592
2022-11-25,40,0.638694638694639
2022-11-28,39.5,0.627039627039627
2022-11-29,41,0.662004662004662
2022-11-30,41.1,0.664335664335664
2022-12-01,39,0.615384615384615
2022-12-02,41.2,0.666666666666667
2022-12-05,41.25,0.667832167832168
2022-12-06,39.1,0.617715617715618
2022-12-07,39,0.615384615384615
2022-12-08,39,0.615384615384615
2022-12-09,39.2,0.62004662004662
2022-12-12,38.1,0.594405594405594
2022-12-13,38.7,0.608391608391608
2022-12-14,38.8,0.610722610722611
2022-12-15,39,0.615384615384615
2022-12-16,38.9,0.613053613053613
2022-12-19,38.8,0.610722610722611
2022-12-20,38.5,0.603729603729604
2022-12-21,38.6,0.606060606060606
2022-12-22,39,0.615384615384615
2022-12-23,39,0.615384615384615
2022-12-26,38.8,0.610722610722611
2022-12-27,40,0.638694638694639
2022-12-28,41.9,0.682983682983683
2022-12-29,40,0.638694638694639
2022-12-30,38.6,0.606060606060606
2023-01-03,41.2,0.666666666666667
2023-01-04,40.8,0.657342657342657
2023-01-05,40.75,0.656177156177156
2023-01-06,41.65,0.677156177156177
2023-01-09,41,0.662004662004662
2023-01-10,41.3,0.668997668997669
2023-01-11,41.25,0.667832167832168
2023-01-12,41.45,0.672494172494173
2023-01-13,41.8,0.680652680652681
2023-01-16,44.7,0.748251748251748
2023-01-17,44.95,0.754079254079254
2023-01-18,45.1,0.757575757575758
2023-01-19,45.95,0.777389277389277
2023-01-27,44.55,0.744755244755245
2023-01-30,44.5,0.743589743589744
2023-01-31,45.1,0.757575757575758
2023-02-01,42.8,0.703962703962704
2023-02-02,43.15,0.712121212121212
2023-02-03,43.35,0.716783216783217
2023-02-06,45,0.755244755244755
2023-02-07,43.8,0.727272727272727
2023-02-08,44.5,0.743589743589744
2023-02-09,44,0.731934731934732
2023-02-10,42.95,0.707459207459208
2023-02-13,44.4,0.741258741258741
2023-02-14,43.4,0.717948717948718
2023-02-15,44,0.731934731934732
2023-02-16,45,0.755244755244755
2023-02-17,45.8,0.773892773892774
2023-02-20,47.2,0.806526806526807
2023-02-21,46.25,0.784382284382284
2023-02-22,45,0.755244755244755
2023-02-23,45.55,0.768065268065268
2023-02-24,44.6,0.745920745920746
2023-02-27,44.25,0.737762237762238
2023-02-28,44.1,0.734265734265734
2023-03-01,45.65,0.77039627039627
2023-03-02,46.4,0.787878787878788
2023-03-03,45.9,0.776223776223776
2023-03-06,45.8,0.773892773892774
2023-03-07,46.9,0.799533799533799
2023-03-08,48,0.825174825174825
2023-03-09,47.65,0.817016317016317
2023-03-10,47.15,0.805361305361305
2023-03-13,46.25,0.784382284382284
2023-03-14,45.05,0.756410256410256
2023-03-15,46.8,0.797202797202797
2023-03-16,46.25,0.784382284382284
2023-03-17,46.3,0.785547785547785
2023-03-20,45.35,0.763403263403263
2023-03-21,45.35,0.763403263403263
2023-03-22,46.1,0.780885780885781
2023-03-23,45.9,0.776223776223776
2023-03-24,45.55,0.768065268065268
2023-03-27,46,0.778554778554779
2023-03-28,46,0.778554778554779
2023-03-29,46.2,0.783216783216783
2023-03-30,46.2,0.783216783216783
2023-03-31,46.2,0.783216783216783
2023-04-03,45.9,0.776223776223776
2023-04-04,46,0.778554778554779
2023-04-05,45.5,0.766899766899767
2023-04-06,46,0.778554778554779
2023-04-07,45.65,0.77039627039627
2023-04-10,44.7,0.748251748251748
2023-04-11,44.4,0.741258741258741
2023-04-12,44.4,0.741258741258741
2023-04-13,44.95,0.754079254079254
2023-04-14,44.45,0.742424242424242
2023-04-17,45,0.755244755244755
2023-04-18,44.6,0.745920745920746
2023-04-19,44.4,0.741258741258741
2023-04-20,44.6,0.745920745920746
2023-04-21,44.2,0.736596736596737
2023-04-24,43.7,0.724941724941725
2023-04-25,43.55,0.721445221445221
2023-04-26,44.1,0.734265734265734
2023-04-27,43.9,0.72960372960373
2023-04-28,43.5,0.72027972027972
2023-05-04,43.75,0.726107226107226
2023-05-05,43.45,0.719114219114219
2023-05-08,44.7,0.748251748251748
2023-05-09,45.1,0.757575757575758
2023-05-10,45,0.755244755244755
2023-05-11,45,0.755244755244755
2023-05-12,45,0.755244755244755
2023-05-15,44.9,0.752913752913753
2023-05-16,45,0.755244755244755
2023-05-17,44.8,0.75058275058275
2023-05-18,44.65,0.747086247086247
2023-05-19,44.4,0.741258741258741
2023-05-22,44.4,0.741258741258741
2023-05-23,43.85,0.728438228438228
2023-05-24,43.5,0.72027972027972
2023-05-25,43.75,0.726107226107226
2023-05-26,43.4,0.717948717948718
2023-05-29,43.9,0.72960372960373
2023-05-30,43.8,0.727272727272727
2023-05-31,44,0.731934731934732
2023-06-01,43.9,0.72960372960373
2023-06-02,44.7,0.748251748251748
2023-06-05,44.7,0.748251748251748
2023-06-06,44.8,0.75058275058275
2023-06-07,44.35,0.74009324009324
2023-06-08,43.7,0.724941724941725
2023-06-09,43.45,0.719114219114219
2023-06-12,43.65,0.723776223776224
2023-06-13,44.35,0.74009324009324
2023-06-14,44,0.731934731934732
2023-06-15,43.85,0.728438228438228
2023-06-16,43.7,0.724941724941725
2023-06-19,43.3,0.715617715617716
2023-06-20,43.5,0.72027972027972
2023-06-21,43.4,0.717948717948718
2023-06-22,43.95,0.730769230769231
2023-06-23,44.3,0.738927738927739
2023-06-26,44.3,0.738927738927739
2023-06-27,44.3,0.738927738927739
2023-06-28,45.35,0.763403263403263
2023-06-29,44.5,0.743589743589744
2023-06-30,43.35,0.716783216783217
2023-07-03,44.5,0.743589743589744
2023-07-04,44,0.731934731934732
2023-07-05,44.35,0.74009324009324
2023-07-06,43.95,0.730769230769231
2023-07-07,44.3,0.738927738927739
2023-07-10,46.95,0.800699300699301
2023-07-11,46.55,0.791375291375291
2023-07-12,46.7,0.794871794871795
2023-07-13,46.9,0.799533799533799
2023-07-14,46.75,0.796037296037296
2023-07-17,46.2,0.783216783216783
2023-07-18,46.7,0.794871794871795
2023-07-19,46.25,0.784382284382284
2023-07-20,46.25,0.784382284382284
2023-07-21,46.75,0.796037296037296
2023-07-24,46.8,0.797202797202797
2023-07-25,47.15,0.805361305361305
2023-07-26,47.35,0.81002331002331
2023-07-27,46.7,0.794871794871795
2023-07-28,46.7,0.794871794871795
2023-07-31,47.2,0.806526806526807
2023-08-01,48.2,0.82983682983683
2023-08-02,49.1,0.850815850815851
2023-08-03,48.55,0.837995337995338
2023-08-04,48.4,0.834498834498834
2023-08-07,48.85,0.844988344988345
2023-08-08,48.65,0.84032634032634
2023-08-09,48.2,0.82983682983683
2023-08-10,46.5,0.79020979020979
2023-08-11,46.7,0.794871794871795
2023-08-14,47.6,0.815850815850816
2023-08-15,47,0.801864801864802
2023-08-16,47.5,0.813519813519814
2023-08-17,47.1,0.804195804195804
2023-08-18,44.2,0.736596736596737
2023-08-21,45.6,0.769230769230769
2023-08-22,45.8,0.773892773892774
2023-08-23,45.7,0.771561771561772
2023-08-24,45.8,0.773892773892774
2023-08-25,45.2,0.75990675990676
2023-08-28,45.4,0.764568764568765
2023-08-29,45.8,0.773892773892774
2023-08-30,46.2,0.783216783216783
2023-08-31,46.95,0.800699300699301
2023-09-05,47.5,0.813519813519814
2023-09-06,47.3,0.808857808857809
2023-09-07,47.35,0.81002331002331
2023-09-08,47,0.801864801864802
